occupationUri,relationType,skillType,skillUri
http://data.europa.eu/esco/occupation/00030d09-2b3a-4efd-87cc-c4ea39d27c34,essential,knowledge,http://data.europa.eu/esco/skill/fed5b267-73fa-461d-9f69-827c78beb39d
http://data.europa.eu/esco/occupation/00030d09-2b3a-4efd-87cc-c4ea39d27c34,essential,skill/competence,http://data.europa.eu/esco/skill/05bc7677-5a64-4e0c-ade3-0140348d4125
http://data.europa.eu/esco/occupation/00030d09-2b3a-4efd-87cc-c4ea39d27c34,essential,skill/competence,http://data.europa.eu/esco/skill/271a36a0-bc7a-43a9-ad29-0a3f3cac4e57
http://data.europa.eu/esco/occupation/00030d09-2b3a-4efd-87cc-c4ea39d27c34,essential,skill/competence,http://data.europa.eu/esco/skill/47ed1d37-971b-472c-86be-26f893991274
http://data.europa.eu/esco/occupation/00030d09-2b3a-4efd-87cc-c4ea39d27c34,essential,skill/competence,http://data.europa.eu/esco/skill/591dd514-735b-46e4-a28d-3a4c42f49b72
http://data.europa.eu/esco/occupation/00030d09-2b3a-4efd-87cc-c4ea39d27c34,essential,skill/competence,http://data.europa.eu/esco/skill/860be36a-d19b-4ba8-ae74-bc61b9f0bf63
http://data.europa.eu/esco/occupation/00030d09-2b3a-4efd-87cc-c4ea39d27c34,essential,skill/competence,http://data.europa.eu/esco/skill/892f8e2f-189a-41d5-a4b6-b8e2afb99974
http://data.europa.eu/esco/occupation/00030d09-2b3a-4efd-87cc-c4ea39d27c34,essential,skill/competence,http://data.europa.eu/esco/skill/93a68dcb-3dc6-4dbe-b196-f6d212228a50
http://data.europa.eu/esco/occupation/00030d09-2b3a-4efd-87cc-c4ea39d27c34,essential,skill/competence,http://data.europa.eu/esco/skill/f64fe2c2-d090-4e91-ba74-1355d96b9bca
http://data.europa.eu/esco/occupation/00030d09-2b3a-4efd-87cc-c4ea39d27c34,optional,skill/competence,http://data.europa.eu/esco/skill/a2dfc063-7b24-4258-a778-d395c41d4966
http://data.europa.eu/esco/occupation/000e93a3-d956-4e45-aacb-f12c83fedf84,essential,knowledge,http://data.europa.eu/esco/skill/3b3b7373-220a-4287-87cf-e24a208b63c6
http://data.europa.eu/esco/occupation/000e93a3-d956-4e45-aacb-f12c83fedf84,essential,knowledge,http://data.europa.eu/esco/skill/7f107a85-d6ac-410f-a995-d635c5aa418b
http://data.europa.eu/esco/occupation/000e93a3-d956-4e45-aacb-f12c83fedf84,essential,knowledge,http://data.europa.eu/esco/skill/86ed2a45-eae9-4ab7-b0e6-d7508d33df4f
http://data.europa.eu/esco/occupation/000e93a3-d956-4e45-aacb-f12c83fedf84,essential,knowledge,http://data.europa.eu/esco/skill/8d4271ca-c9fd-40b3-875f-15f78332a49e
http://data.europa.eu/esco/occupation/000e93a3-d956-4e45-aacb-f12c83fedf84,essential,knowledge,http://data.europa.eu/esco/skill/b652c752-ef22-4648-9a30-afe8c4d20d6e
http://data.europa.eu/esco/occupation/000e93a3-d956-4e45-aacb-f12c83fedf84,essential,skill/competence,http://data.europa.eu/esco/skill/285cac9e-dad3-4b7b-848f-9bd2860ae345
http://data.europa.eu/esco/occupation/000e93a3-d956-4e45-aacb-f12c83fedf84,essential,skill/competence,http://data.europa.eu/esco/skill/31f01be9-7bbf-4afb-a647-bcd4931cfc8b
http://data.europa.eu/esco/occupation/000e93a3-d956-4e45-aacb-f12c83fedf84,essential,skill/competence,http://data.europa.eu/esco/skill/334e3e49-fb02-4051-809a-f06adfdc1c40
http://data.europa.eu/esco/occupation/000e93a3-d956-4e45-aacb-f12c83fedf84,essential,skill/competence,http://data.europa.eu/esco/skill/357e1729-e2a8-49f4-8b42-dc8b278320fa
http://data.europa.eu/esco/occupation/000e93a3-d956-4e45-aacb-f12c83fedf84,essential,skill/competence,http://data.europa.eu/esco/skill/45c19aa0-2c28-42ab-936b-a367face2268
http://data.europa.eu/esco/occupation/000e93a3-d956-4e45-aacb-f12c83fedf84,essential,skill/competence,http://data.europa.eu/esco/skill/465ff64a-1271-4064-8ed1-e969cb68d8b4
http://data.europa.eu/esco/occupation/000e93a3-d956-4e45-aacb-f12c83fedf84,essential,skill/competence,http://data.europa.eu/esco/skill/69f23426-9279-4fe6-a283-24c2aa4c855d
http://data.europa.eu/esco/occupation/000e93a3-d956-4e45-aacb-f12c83fedf84,essential,skill/competence,http://data.europa.eu/esco/skill/7aa52bdc-9c56-4341-be65-e8e30f64403f
http://data.europa.eu/esco/occupation/000e93a3-d956-4e45-aacb-f12c83fedf84,essential,skill/competence,http://data.europa.eu/esco/skill/9ea652f6-accf-45bb-b9a8-590f06f7bd51
http://data.europa.eu/esco/occupation/000e93a3-d956-4e45-aacb-f12c83fedf84,essential,skill/competence,http://data.europa.eu/esco/skill/d9818afc-1dec-4944-8c9c-e3ae8fad176d
http://data.europa.eu/esco/occupation/000e93a3-d956-4e45-aacb-f12c83fedf84,optional,knowledge,http://data.europa.eu/esco/skill/0b472dad-1a3f-456e-99ba-de5ffe8665c2
http://data.europa.eu/esco/occupation/000e93a3-d956-4e45-aacb-f12c83fedf84,optional,knowledge,http://data.europa.eu/esco/skill/46786464-6c5b-4970-9a63-2f2fb29b4c12
http://data.europa.eu/esco/occupation/000e93a3-d956-4e45-aacb-f12c83fedf84,optional,knowledge,http://data.europa.eu/esco/skill/6055f185-3214-491e-975a-cfcc1756fe1d
http://data.europa.eu/esco/occupation/000e93a3-d956-4e45-aacb-f12c83fedf84,optional,knowledge,http://data.europa.eu/esco/skill/67df159c-735e-4784-b75b-90859ea8a170
http://data.europa.eu/esco/occupation/000e93a3-d956-4e45-aacb-f12c83fedf84,optional,knowledge,http://data.europa.eu/esco/skill/8296eb2d-c9bf-41fc-be72-781383c51298
http://data.europa.eu/esco/occupation/000e93a3-d956-4e45-aacb-f12c83fedf84,optional,knowledge,http://data.europa.eu/esco/skill/c01b4549-3bc2-4640-8ecb-ef335fc4445c
http://data.europa.eu/esco/occupation/000e93a3-d956-4e45-aacb-f12c83fedf84,optional,knowledge,http://data.europa.eu/esco/skill/c27e11b7-2f1e-4e20-8c47-fee6cd22c148
http://data.europa.eu/esco/occupation/000e93a3-d956-4e45-aacb-f12c83fedf84,optional,knowledge,http://data.europa.eu/esco/skill/e6c20084-4b2a-4583-a983-9988fa084bba
http://data.europa.eu/esco/occupation/000e93a3-d956-4e45-aacb-f12c83fedf84,optional,knowledge,http://data.europa.eu/esco/skill/f12d412a-04e3-49a8-a4f6-2e32a67c12a2
http://data.europa.eu/esco/occupation/000e93a3-d956-4e45-aacb-f12c83fedf84,optional,knowledge,http://data.europa.eu/esco/skill/ffc2465f-d2b5-4b2d-bf6e-56eefbe02da1
http://data.europa.eu/esco/occupation/000e93a3-d956-4e45-aacb-f12c83fedf84,optional,skill/competence,http://data.europa.eu/esco/skill/2879a6f9-868b-40a1-a424-d50007ca8354
http://data.europa.eu/esco/occupation/000e93a3-d956-4e45-aacb-f12c83fedf84,optional,skill/competence,http://data.europa.eu/esco/skill/371d57e6-cc5f-4fc0-9c0c-58feb595cc5b
http://data.europa.eu/esco/occupation/000e93a3-d956-4e45-aacb-f12c83fedf84,optional,skill/competence,http://data.europa.eu/esco/skill/4e4f05a9-810c-418f-91c0-f675971a8695
http://data.europa.eu/esco/occupation/000e93a3-d956-4e45-aacb-f12c83fedf84,optional,skill/competence,http://data.europa.eu/esco/skill/5763deb6-4a0e-4a2b-b519-7b48be1b6be3
http://data.europa.eu/esco/occupation/000e93a3-d956-4e45-aacb-f12c83fedf84,optional,skill/competence,http://data.europa.eu/esco/skill/6122d586-5978-431f-8e7a-96e61fc1f3fc
http://data.europa.eu/esco/occupation/000e93a3-d956-4e45-aacb-f12c83fedf84,optional,skill/competence,http://data.europa.eu/esco/skill/62d34066-f07a-4437-914b-0548ba8bbe59
http://data.europa.eu/esco/occupation/000e93a3-d956-4e45-aacb-f12c83fedf84,optional,skill/competence,http://data.europa.eu/esco/skill/757975be-2f9d-4b7b-ab82-cd5974491e0a
http://data.europa.eu/esco/occupation/000e93a3-d956-4e45-aacb-f12c83fedf84,optional,skill/competence,http://data.europa.eu/esco/skill/8a4e99e0-f259-4931-888f-604cfdc15b31
http://data.europa.eu/esco/occupation/000e93a3-d956-4e45-aacb-f12c83fedf84,optional,skill/competence,http://data.europa.eu/esco/skill/8c474534-707f-46f3-b356-810bbfe8b693
http://data.europa.eu/esco/occupation/000e93a3-d956-4e45-aacb-f12c83fedf84,optional,skill/competence,http://data.europa.eu/esco/skill/8ee056cf-c4f7-46bb-a9fb-1ff7b1ab9534
http://data.europa.eu/esco/occupation/000e93a3-d956-4e45-aacb-f12c83fedf84,optional,skill/competence,http://data.europa.eu/esco/skill/9f34107c-8db0-4b00-84d8-3f64e400c80c
http://data.europa.eu/esco/occupation/000e93a3-d956-4e45-aacb-f12c83fedf84,optional,skill/competence,http://data.europa.eu/esco/skill/c3d61bcf-e698-4d39-8db1-388284dbfc74
http://data.europa.eu/esco/occupation/000e93a3-d956-4e45-aacb-f12c83fedf84,optional,skill/competence,http://data.europa.eu/esco/skill/ccfbdaad-b91d-4bfe-bd0e-d30b33587f19
http://data.europa.eu/esco/occupation/000e93a3-d956-4e45-aacb-f12c83fedf84,optional,skill/competence,http://data.europa.eu/esco/skill/dcb57eb7-0362-48f5-a53f-7dc4f2c8f197
http://data.europa.eu/esco/occupation/0019b951-c699-4191-8208-9822882d150c,essential,knowledge,http://data.europa.eu/esco/skill/1177c6f5-09c5-4c35-873c-afd22d170ad3
http://data.europa.eu/esco/occupation/0019b951-c699-4191-8208-9822882d150c,essential,knowledge,http://data.europa.eu/esco/skill/25c4cb91-d64b-48d1-a350-3527334a360d
http://data.europa.eu/esco/occupation/0019b951-c699-4191-8208-9822882d150c,essential,knowledge,http://data.europa.eu/esco/skill/2fea2558-630e-480d-9e12-47a05bc19b55
http://data.europa.eu/esco/occupation/0019b951-c699-4191-8208-9822882d150c,essential,knowledge,http://data.europa.eu/esco/skill/8d4271ca-c9fd-40b3-875f-15f78332a49e
http://data.europa.eu/esco/occupation/0019b951-c699-4191-8208-9822882d150c,essential,knowledge,http://data.europa.eu/esco/skill/b386e189-12c5-4df6-b1db-059eb3f6dd88
http://data.europa.eu/esco/occupation/0019b951-c699-4191-8208-9822882d150c,essential,skill/competence,http://data.europa.eu/esco/skill/188048ff-18bf-43c4-a1a0-7adb6e68f421
http://data.europa.eu/esco/occupation/0019b951-c699-4191-8208-9822882d150c,essential,skill/competence,http://data.europa.eu/esco/skill/2feeef46-05cf-445c-9ca1-c96a30e10106
http://data.europa.eu/esco/occupation/0019b951-c699-4191-8208-9822882d150c,essential,skill/competence,http://data.europa.eu/esco/skill/334e3e49-fb02-4051-809a-f06adfdc1c40
http://data.europa.eu/esco/occupation/0019b951-c699-4191-8208-9822882d150c,essential,skill/competence,http://data.europa.eu/esco/skill/41a3240f-58ba-44e2-a688-edeb21ea5c16
http://data.europa.eu/esco/occupation/0019b951-c699-4191-8208-9822882d150c,essential,skill/competence,http://data.europa.eu/esco/skill/68b6ef08-d823-489d-a95c-752ae6f6e6a7
http://data.europa.eu/esco/occupation/0019b951-c699-4191-8208-9822882d150c,essential,skill/competence,http://data.europa.eu/esco/skill/85e6b82a-8244-45f6-8300-a6b2d62ee748
http://data.europa.eu/esco/occupation/0019b951-c699-4191-8208-9822882d150c,essential,skill/competence,http://data.europa.eu/esco/skill/91abe492-18be-4cce-93c7-0dca07072363
http://data.europa.eu/esco/occupation/0019b951-c699-4191-8208-9822882d150c,essential,skill/competence,http://data.europa.eu/esco/skill/a349fbfc-8b65-44f2-a112-761be2218cbc
http://data.europa.eu/esco/occupation/0019b951-c699-4191-8208-9822882d150c,essential,skill/competence,http://data.europa.eu/esco/skill/efc5534d-3631-4564-a7b0-f6ae558f3c03
http://data.europa.eu/esco/occupation/0019b951-c699-4191-8208-9822882d150c,optional,knowledge,http://data.europa.eu/esco/skill/3e40c7d0-0e36-4b33-bc33-0aa87eda0561
http://data.europa.eu/esco/occupation/0019b951-c699-4191-8208-9822882d150c,optional,knowledge,http://data.europa.eu/esco/skill/4107d971-baf4-4118-a217-4025810d6256
http://data.europa.eu/esco/occupation/0019b951-c699-4191-8208-9822882d150c,optional,knowledge,http://data.europa.eu/esco/skill/4b164a27-849f-4be2-ae79-d26a4969b677
http://data.europa.eu/esco/occupation/0019b951-c699-4191-8208-9822882d150c,optional,knowledge,http://data.europa.eu/esco/skill/6310b25d-2a2f-45d3-a632-c5fa0c2bf48c
http://data.europa.eu/esco/occupation/0019b951-c699-4191-8208-9822882d150c,optional,knowledge,http://data.europa.eu/esco/skill/69fe6624-bc7f-412e-ad6d-35c7b0df842e
http://data.europa.eu/esco/occupation/0019b951-c699-4191-8208-9822882d150c,optional,knowledge,http://data.europa.eu/esco/skill/82b14cde-76e7-4d4b-b564-c45c014f3ce4
http://data.europa.eu/esco/occupation/0019b951-c699-4191-8208-9822882d150c,optional,knowledge,http://data.europa.eu/esco/skill/8a211052-4bec-49c2-9b4e-7914c37d21b4
http://data.europa.eu/esco/occupation/0019b951-c699-4191-8208-9822882d150c,optional,knowledge,http://data.europa.eu/esco/skill/95c35c3a-035f-47c2-90cf-7e934d20fc08
http://data.europa.eu/esco/occupation/0019b951-c699-4191-8208-9822882d150c,optional,knowledge,http://data.europa.eu/esco/skill/9c071f1d-eac3-449d-b004-c14775b5a3b9
http://data.europa.eu/esco/occupation/0019b951-c699-4191-8208-9822882d150c,optional,knowledge,http://data.europa.eu/esco/skill/acfaffa2-9607-44fd-b014-19b817362089
http://data.europa.eu/esco/occupation/0019b951-c699-4191-8208-9822882d150c,optional,knowledge,http://data.europa.eu/esco/skill/b27411a8-c401-4241-841b-c742ae32a8d3
http://data.europa.eu/esco/occupation/0019b951-c699-4191-8208-9822882d150c,optional,knowledge,http://data.europa.eu/esco/skill/b8b2a035-38f0-4c0e-94ee-edefc266c643
http://data.europa.eu/esco/occupation/0019b951-c699-4191-8208-9822882d150c,optional,skill/competence,http://data.europa.eu/esco/skill/02c71cde-f513-43da-8952-0974763c7568
http://data.europa.eu/esco/occupation/0019b951-c699-4191-8208-9822882d150c,optional,skill/competence,http://data.europa.eu/esco/skill/1de6b87b-2c7d-49aa-bcc0-3b2ef75f064f
http://data.europa.eu/esco/occupation/0019b951-c699-4191-8208-9822882d150c,optional,skill/competence,http://data.europa.eu/esco/skill/270de514-3206-4cf9-b122-0f148ab06fa1
http://data.europa.eu/esco/occupation/0019b951-c699-4191-8208-9822882d150c,optional,skill/competence,http://data.europa.eu/esco/skill/36cf8d2c-3463-4147-8ea3-c423280087ab
http://data.europa.eu/esco/occupation/0019b951-c699-4191-8208-9822882d150c,optional,skill/competence,http://data.europa.eu/esco/skill/42c25baf-ccb3-47d9-a872-bb2ceb615538
http://data.europa.eu/esco/occupation/0019b951-c699-4191-8208-9822882d150c,optional,skill/competence,http://data.europa.eu/esco/skill/6532ef3b-1685-4de7-a858-d31fdaa435ca
http://data.europa.eu/esco/occupation/0019b951-c699-4191-8208-9822882d150c,optional,skill/competence,http://data.europa.eu/esco/skill/8867088a-e54d-41bc-81e8-a21ff98e81d3
http://data.europa.eu/esco/occupation/0019b951-c699-4191-8208-9822882d150c,optional,skill/competence,http://data.europa.eu/esco/skill/8dee09d8-07da-493a-a171-d2d7737498ff
http://data.europa.eu/esco/occupation/0019b951-c699-4191-8208-9822882d150c,optional,skill/competence,http://data.europa.eu/esco/skill/987a848a-01ec-4938-9f31-1af1c7bef651
http://data.europa.eu/esco/occupation/0019b951-c699-4191-8208-9822882d150c,optional,skill/competence,http://data.europa.eu/esco/skill/a99c6783-50c0-4f7a-99df-bf93429ef6dc
http://data.europa.eu/esco/occupation/0019b951-c699-4191-8208-9822882d150c,optional,skill/competence,http://data.europa.eu/esco/skill/b42b1578-709f-4b59-b23a-fe4bfc7f6b9b
http://data.europa.eu/esco/occupation/0019b951-c699-4191-8208-9822882d150c,optional,skill/competence,http://data.europa.eu/esco/skill/c7194910-5738-45e9-9932-22dbe2293a0c
http://data.europa.eu/esco/occupation/0019b951-c699-4191-8208-9822882d150c,optional,skill/competence,http://data.europa.eu/esco/skill/ccfbdaad-b91d-4bfe-bd0e-d30b33587f19
http://data.europa.eu/esco/occupation/0019b951-c699-4191-8208-9822882d150c,optional,skill/competence,http://data.europa.eu/esco/skill/cdd2b6cc-b4a9-42a0-824b-766f52176fd3
http://data.europa.eu/esco/occupation/0019b951-c699-4191-8208-9822882d150c,optional,skill/competence,http://data.europa.eu/esco/skill/d8045ecd-22f3-4711-bb51-58969d9f28c7
http://data.europa.eu/esco/occupation/0019b951-c699-4191-8208-9822882d150c,optional,skill/competence,http://data.europa.eu/esco/skill/f8cfab53-c7f7-465d-9eca-d2a28e4dc708
http://data.europa.eu/esco/occupation/0019b951-c699-4191-8208-9822882d150c,optional,skill/competence,http://data.europa.eu/esco/skill/fe96f581-4905-4282-819c-922c68bda989
http://data.europa.eu/esco/occupation/0022f466-426c-41a4-ac96-a235c945cf97,essential,knowledge,http://data.europa.eu/esco/skill/2672f6a9-1e70-43c5-859d-e6a0fc9ea0f1
http://data.europa.eu/esco/occupation/0022f466-426c-41a4-ac96-a235c945cf97,essential,knowledge,http://data.europa.eu/esco/skill/47d491a9-f7c0-4b13-a10f-983d3aa0113e
http://data.europa.eu/esco/occupation/0022f466-426c-41a4-ac96-a235c945cf97,essential,knowledge,http://data.europa.eu/esco/skill/5088c536-13fb-4b6b-85e7-4053578e1451
http://data.europa.eu/esco/occupation/0022f466-426c-41a4-ac96-a235c945cf97,essential,knowledge,http://data.europa.eu/esco/skill/59ea80e1-463a-4dba-82c6-d0b6d577d532
http://data.europa.eu/esco/occupation/0022f466-426c-41a4-ac96-a235c945cf97,essential,knowledge,http://data.europa.eu/esco/skill/787b82e0-382b-4f1e-b9f3-56f419fbb1cb
http://data.europa.eu/esco/occupation/0022f466-426c-41a4-ac96-a235c945cf97,essential,knowledge,http://data.europa.eu/esco/skill/95c35c3a-035f-47c2-90cf-7e934d20fc08
http://data.europa.eu/esco/occupation/0022f466-426c-41a4-ac96-a235c945cf97,essential,knowledge,http://data.europa.eu/esco/skill/b293aa52-8ead-42b7-96ef-de4fb0654c28
http://data.europa.eu/esco/occupation/0022f466-426c-41a4-ac96-a235c945cf97,essential,knowledge,http://data.europa.eu/esco/skill/c648deac-4969-41b7-8a67-9987f5d414a6
http://data.europa.eu/esco/occupation/0022f466-426c-41a4-ac96-a235c945cf97,essential,knowledge,http://data.europa.eu/esco/skill/d5b63f98-28ce-4cbb-b075-6ac539a685b0
http://data.europa.eu/esco/occupation/0022f466-426c-41a4-ac96-a235c945cf97,essential,knowledge,http://data.europa.eu/esco/skill/f6f22c8e-249e-4e82-9528-6779a947b265
http://data.europa.eu/esco/occupation/0022f466-426c-41a4-ac96-a235c945cf97,essential,skill/competence,http://data.europa.eu/esco/skill/4d06fa94-49f8-4c75-b52c-3a4e699b73cc
http://data.europa.eu/esco/occupation/0022f466-426c-41a4-ac96-a235c945cf97,essential,skill/competence,http://data.europa.eu/esco/skill/52797dce-911c-4e6d-b0cb-491f6469014f
http://data.europa.eu/esco/occupation/0022f466-426c-41a4-ac96-a235c945cf97,essential,skill/competence,http://data.europa.eu/esco/skill/541561bc-510c-4a99-881c-2d8bf5a85462
http://data.europa.eu/esco/occupation/0022f466-426c-41a4-ac96-a235c945cf97,essential,skill/competence,http://data.europa.eu/esco/skill/5612d47c-2256-4259-977d-ae8ab67fd7f1
http://data.europa.eu/esco/occupation/0022f466-426c-41a4-ac96-a235c945cf97,essential,skill/competence,http://data.europa.eu/esco/skill/6f4f800d-2186-46a8-85ff-21f5ec83f340
http://data.europa.eu/esco/occupation/0022f466-426c-41a4-ac96-a235c945cf97,essential,skill/competence,http://data.europa.eu/esco/skill/74374d09-7a54-4a05-ae78-d5940423de7c
http://data.europa.eu/esco/occupation/0022f466-426c-41a4-ac96-a235c945cf97,essential,skill/competence,http://data.europa.eu/esco/skill/797b7c30-6b29-4002-86f9-5825f0511d71
http://data.europa.eu/esco/occupation/0022f466-426c-41a4-ac96-a235c945cf97,essential,skill/competence,http://data.europa.eu/esco/skill/86c6e967-2e4f-4bfe-9fe6-abf1c40d8cbc
http://data.europa.eu/esco/occupation/0022f466-426c-41a4-ac96-a235c945cf97,essential,skill/competence,http://data.europa.eu/esco/skill/97e46fd4-8b3a-4068-859b-6eaa7216da54
http://data.europa.eu/esco/occupation/0022f466-426c-41a4-ac96-a235c945cf97,essential,skill/competence,http://data.europa.eu/esco/skill/9e9d2dba-7022-40ab-a480-8fad0f89f920
http://data.europa.eu/esco/occupation/0022f466-426c-41a4-ac96-a235c945cf97,essential,skill/competence,http://data.europa.eu/esco/skill/ba45db8f-34e8-4f29-af0b-e6645e1d693f
http://data.europa.eu/esco/occupation/0022f466-426c-41a4-ac96-a235c945cf97,essential,skill/competence,http://data.europa.eu/esco/skill/bdafc87b-c8a3-4e2a-914d-d3a96b2d98cc
http://data.europa.eu/esco/occupation/0022f466-426c-41a4-ac96-a235c945cf97,essential,skill/competence,http://data.europa.eu/esco/skill/be566f3e-6c21-4799-a7d0-fa4abbcb71cd
http://data.europa.eu/esco/occupation/0022f466-426c-41a4-ac96-a235c945cf97,essential,skill/competence,http://data.europa.eu/esco/skill/c6c37f68-190e-4482-905c-93007a64ed61
http://data.europa.eu/esco/occupation/0022f466-426c-41a4-ac96-a235c945cf97,optional,knowledge,http://data.europa.eu/esco/skill/34330a42-eeb0-44c3-a41e-670e9b20c7c7
http://data.europa.eu/esco/occupation/0022f466-426c-41a4-ac96-a235c945cf97,optional,knowledge,http://data.europa.eu/esco/skill/3e40c7d0-0e36-4b33-bc33-0aa87eda0561
http://data.europa.eu/esco/occupation/0022f466-426c-41a4-ac96-a235c945cf97,optional,knowledge,http://data.europa.eu/esco/skill/532bcdca-a889-4dea-8f7f-4e03d8cfd0d2
http://data.europa.eu/esco/occupation/0022f466-426c-41a4-ac96-a235c945cf97,optional,knowledge,http://data.europa.eu/esco/skill/55e286cf-b8a0-40bd-9e87-276cbc0284b9
http://data.europa.eu/esco/occupation/0022f466-426c-41a4-ac96-a235c945cf97,optional,knowledge,http://data.europa.eu/esco/skill/6e8fe5de-fe6d-482c-92fe-20e56ee57324
http://data.europa.eu/esco/occupation/0022f466-426c-41a4-ac96-a235c945cf97,optional,knowledge,http://data.europa.eu/esco/skill/b387bca8-0f61-4548-b41c-2fe6887d1534
http://data.europa.eu/esco/occupation/0022f466-426c-41a4-ac96-a235c945cf97,optional,knowledge,http://data.europa.eu/esco/skill/b80b624d-8fa5-4a88-a12f-9d56880eddef
http://data.europa.eu/esco/occupation/0022f466-426c-41a4-ac96-a235c945cf97,optional,skill/competence,http://data.europa.eu/esco/skill/05010f6c-0b40-4525-ac4a-057d46a2b6f4
http://data.europa.eu/esco/occupation/0022f466-426c-41a4-ac96-a235c945cf97,optional,skill/competence,http://data.europa.eu/esco/skill/0b8f2fb9-59b0-43f7-8ad1-6cb952386255
http://data.europa.eu/esco/occupation/0022f466-426c-41a4-ac96-a235c945cf97,optional,skill/competence,http://data.europa.eu/esco/skill/102bab2f-6d11-43e0-afa8-d50c6b94e4b4
http://data.europa.eu/esco/occupation/0022f466-426c-41a4-ac96-a235c945cf97,optional,skill/competence,http://data.europa.eu/esco/skill/1b270383-b30c-4092-a9ed-b1637ecf2b79
http://data.europa.eu/esco/occupation/0022f466-426c-41a4-ac96-a235c945cf97,optional,skill/competence,http://data.europa.eu/esco/skill/1f551366-dd12-4a80-8913-865276149e42
http://data.europa.eu/esco/occupation/0022f466-426c-41a4-ac96-a235c945cf97,optional,skill/competence,http://data.europa.eu/esco/skill/2522a6ce-3202-4ac8-9f5b-b9cb5a3a83a1
http://data.europa.eu/esco/occupation/0022f466-426c-41a4-ac96-a235c945cf97,optional,skill/competence,http://data.europa.eu/esco/skill/2847f2cd-36e2-42f2-91bc-ede7aacdfaaf
http://data.europa.eu/esco/occupation/0022f466-426c-41a4-ac96-a235c945cf97,optional,skill/competence,http://data.europa.eu/esco/skill/2c02af08-a7f9-4535-889d-f4172cfc9a17
http://data.europa.eu/esco/occupation/0022f466-426c-41a4-ac96-a235c945cf97,optional,skill/competence,http://data.europa.eu/esco/skill/3f6dc31c-ceef-4e93-9d8a-b4b862cf9b51
http://data.europa.eu/esco/occupation/0022f466-426c-41a4-ac96-a235c945cf97,optional,skill/competence,http://data.europa.eu/esco/skill/4c03cc73-cd21-46b5-8d42-eb97b4b7dfb1
http://data.europa.eu/esco/occupation/0022f466-426c-41a4-ac96-a235c945cf97,optional,skill/competence,http://data.europa.eu/esco/skill/4efae845-a71a-4b10-a245-f996394cccf4
http://data.europa.eu/esco/occupation/0022f466-426c-41a4-ac96-a235c945cf97,optional,skill/competence,http://data.europa.eu/esco/skill/55a41634-f4ca-4248-9d12-acd45579ddf0
http://data.europa.eu/esco/occupation/0022f466-426c-41a4-ac96-a235c945cf97,optional,skill/competence,http://data.europa.eu/esco/skill/5d34adde-0b78-42b4-9d3d-69e9388d8398
http://data.europa.eu/esco/occupation/0022f466-426c-41a4-ac96-a235c945cf97,optional,skill/competence,http://data.europa.eu/esco/skill/6a50499d-70cc-4fa7-9895-682302d08f16
http://data.europa.eu/esco/occupation/0022f466-426c-41a4-ac96-a235c945cf97,optional,skill/competence,http://data.europa.eu/esco/skill/6c9ce09b-e7b2-4164-b5b2-9b3bb2b720fd
http://data.europa.eu/esco/occupation/0022f466-426c-41a4-ac96-a235c945cf97,optional,skill/competence,http://data.europa.eu/esco/skill/76813cd4-7317-4d3b-a46e-87f362989deb
http://data.europa.eu/esco/occupation/0022f466-426c-41a4-ac96-a235c945cf97,optional,skill/competence,http://data.europa.eu/esco/skill/9a10411b-8758-4cf3-9c2f-b17ff6d752c6
http://data.europa.eu/esco/occupation/0022f466-426c-41a4-ac96-a235c945cf97,optional,skill/competence,http://data.europa.eu/esco/skill/c8de8023-ab8a-402b-a828-b2b57cd3b2f7
http://data.europa.eu/esco/occupation/0022f466-426c-41a4-ac96-a235c945cf97,optional,skill/competence,http://data.europa.eu/esco/skill/cfbde1b6-8e47-4b83-b430-3d5f7f38d69a
http://data.europa.eu/esco/occupation/0022f466-426c-41a4-ac96-a235c945cf97,optional,skill/competence,http://data.europa.eu/esco/skill/d560df46-dda4-4407-bab2-b87353a96814
http://data.europa.eu/esco/occupation/0022f466-426c-41a4-ac96-a235c945cf97,optional,skill/competence,http://data.europa.eu/esco/skill/e61cf429-2382-4073-99b3-693126eb80d2
http://data.europa.eu/esco/occupation/0022f466-426c-41a4-ac96-a235c945cf97,optional,skill/competence,http://data.europa.eu/esco/skill/f6f66b89-248b-438c-a3ce-196edcb3397c
http://data.europa.eu/esco/occupation/0022f466-426c-41a4-ac96-a235c945cf97,optional,skill/competence,http://data.europa.eu/esco/skill/f7582089-04a6-4de8-92e1-b11d79769ab7
http://data.europa.eu/esco/occupation/0022f466-426c-41a4-ac96-a235c945cf97,optional,skill/competence,http://data.europa.eu/esco/skill/feb717ff-fba6-4a91-aa10-ee11cf2da6b4
http://data.europa.eu/esco/occupation/002da35b-7808-43f3-83bf-63596b8b351f,essential,knowledge,http://data.europa.eu/esco/skill/07ebc888-0f3f-46e7-99d2-a7c7ebd7ffe3
http://data.europa.eu/esco/occupation/002da35b-7808-43f3-83bf-63596b8b351f,essential,skill/competence,http://data.europa.eu/esco/skill/08ee68b2-0a6d-4bdf-a870-a36c0dc8064e
http://data.europa.eu/esco/occupation/002da35b-7808-43f3-83bf-63596b8b351f,essential,skill/competence,http://data.europa.eu/esco/skill/0ff99f51-40d9-42f1-a1ec-377b2bb5e15f
http://data.europa.eu/esco/occupation/002da35b-7808-43f3-83bf-63596b8b351f,essential,skill/competence,http://data.europa.eu/esco/skill/13e2378e-0d10-450d-843a-b3592575826e
http://data.europa.eu/esco/occupation/002da35b-7808-43f3-83bf-63596b8b351f,essential,skill/competence,http://data.europa.eu/esco/skill/2ada2f9d-77f7-4ba0-9096-89ae285a65c5
http://data.europa.eu/esco/occupation/002da35b-7808-43f3-83bf-63596b8b351f,essential,skill/competence,http://data.europa.eu/esco/skill/339ac029-066a-4985-9f9d-b3d7c8fea0bb
http://data.europa.eu/esco/occupation/002da35b-7808-43f3-83bf-63596b8b351f,essential,skill/competence,http://data.europa.eu/esco/skill/3ebc672a-8049-4305-8c42-0e9168b92798
http://data.europa.eu/esco/occupation/002da35b-7808-43f3-83bf-63596b8b351f,essential,skill/competence,http://data.europa.eu/esco/skill/4f060129-8b75-4d58-a8dd-515bd8fef349
http://data.europa.eu/esco/occupation/002da35b-7808-43f3-83bf-63596b8b351f,essential,skill/competence,http://data.europa.eu/esco/skill/5dd01a1e-7ba0-4b7f-a76c-ed811c12bfde
http://data.europa.eu/esco/occupation/002da35b-7808-43f3-83bf-63596b8b351f,essential,skill/competence,http://data.europa.eu/esco/skill/7c72e251-4437-4e02-bfc1-8ea6137ac498
http://data.europa.eu/esco/occupation/002da35b-7808-43f3-83bf-63596b8b351f,essential,skill/competence,http://data.europa.eu/esco/skill/855dceb9-78cf-448b-8113-33f59f281117
http://data.europa.eu/esco/occupation/002da35b-7808-43f3-83bf-63596b8b351f,essential,skill/competence,http://data.europa.eu/esco/skill/a4bbd0d9-a6be-4472-b05d-291e60cf6b4b
http://data.europa.eu/esco/occupation/002da35b-7808-43f3-83bf-63596b8b351f,essential,skill/competence,http://data.europa.eu/esco/skill/a571ae14-3e16-4fd3-a615-5646e0b0b696
http://data.europa.eu/esco/occupation/002da35b-7808-43f3-83bf-63596b8b351f,essential,skill/competence,http://data.europa.eu/esco/skill/ad28c970-6bc7-4fff-9c01-0f4d67769de3
http://data.europa.eu/esco/occupation/002da35b-7808-43f3-83bf-63596b8b351f,essential,skill/competence,http://data.europa.eu/esco/skill/b216d9a2-7d4e-4312-8d05-e375f4ab44d8
http://data.europa.eu/esco/occupation/002da35b-7808-43f3-83bf-63596b8b351f,essential,skill/competence,http://data.europa.eu/esco/skill/b99aa3b8-0066-46b2-a027-30afae444ad8
http://data.europa.eu/esco/occupation/002da35b-7808-43f3-83bf-63596b8b351f,essential,skill/competence,http://data.europa.eu/esco/skill/be20d05c-f6b4-4580-9fcf-f00f4baab562
http://data.europa.eu/esco/occupation/002da35b-7808-43f3-83bf-63596b8b351f,essential,skill/competence,http://data.europa.eu/esco/skill/c1eb6a1a-e830-482a-8f13-f5c2f5b11b5d
http://data.europa.eu/esco/occupation/002da35b-7808-43f3-83bf-63596b8b351f,essential,skill/competence,http://data.europa.eu/esco/skill/cc3b901c-4d66-48f8-90b9-41883be1e1ed
http://data.europa.eu/esco/occupation/002da35b-7808-43f3-83bf-63596b8b351f,essential,skill/competence,http://data.europa.eu/esco/skill/fe39d4db-4cb5-4299-bb9f-896c8fd6ab13
http://data.europa.eu/esco/occupation/002da35b-7808-43f3-83bf-63596b8b351f,optional,skill/competence,http://data.europa.eu/esco/skill/0cc9c234-f817-4f4c-908a-4d28fe3b0f4a
http://data.europa.eu/esco/occupation/002da35b-7808-43f3-83bf-63596b8b351f,optional,skill/competence,http://data.europa.eu/esco/skill/21c5790c-0930-4d74-b3b0-84caf5af12ea
http://data.europa.eu/esco/occupation/002da35b-7808-43f3-83bf-63596b8b351f,optional,skill/competence,http://data.europa.eu/esco/skill/28d715e3-3e5b-4fb6-8dd2-4be4919c8587
http://data.europa.eu/esco/occupation/002da35b-7808-43f3-83bf-63596b8b351f,optional,skill/competence,http://data.europa.eu/esco/skill/32b02bd1-6bf2-497a-bb16-94aeeafaf44f
http://data.europa.eu/esco/occupation/002da35b-7808-43f3-83bf-63596b8b351f,optional,skill/competence,http://data.europa.eu/esco/skill/4dcd0883-fff2-4010-9a41-55c11be6e559
http://data.europa.eu/esco/occupation/002da35b-7808-43f3-83bf-63596b8b351f,optional,skill/competence,http://data.europa.eu/esco/skill/75dfe1ee-5935-42ce-b820-697f827825c3
http://data.europa.eu/esco/occupation/002da35b-7808-43f3-83bf-63596b8b351f,optional,skill/competence,http://data.europa.eu/esco/skill/89ff28d6-342c-435d-83aa-83e71dbbbc96
http://data.europa.eu/esco/occupation/002da35b-7808-43f3-83bf-63596b8b351f,optional,skill/competence,http://data.europa.eu/esco/skill/c64c4f42-253b-4d53-8637-fd00d86100c7
http://data.europa.eu/esco/occupation/002da35b-7808-43f3-83bf-63596b8b351f,optional,skill/competence,http://data.europa.eu/esco/skill/e54ff029-1ce9-447d-a5b2-eb7283a23e6e
http://data.europa.eu/esco/occupation/0044c991-c26f-4261-a213-4bd1c0564a4c,essential,knowledge,http://data.europa.eu/esco/skill/0449bf39-a288-4ecc-823a-3d194be5e932
http://data.europa.eu/esco/occupation/0044c991-c26f-4261-a213-4bd1c0564a4c,essential,knowledge,http://data.europa.eu/esco/skill/0bc42cda-a6f0-4cac-9b34-7911faba0bd4
http://data.europa.eu/esco/occupation/0044c991-c26f-4261-a213-4bd1c0564a4c,essential,knowledge,http://data.europa.eu/esco/skill/4a477e55-fdb6-4fe5-8dec-fcebfa3579d6
http://data.europa.eu/esco/occupation/0044c991-c26f-4261-a213-4bd1c0564a4c,essential,knowledge,http://data.europa.eu/esco/skill/8259c2c0-2749-41e2-a4a8-4a64a76eab37
http://data.europa.eu/esco/occupation/0044c991-c26f-4261-a213-4bd1c0564a4c,essential,knowledge,http://data.europa.eu/esco/skill/841ec8d9-ff33-4e76-af59-27ace79c2932
http://data.europa.eu/esco/occupation/0044c991-c26f-4261-a213-4bd1c0564a4c,essential,skill/competence,http://data.europa.eu/esco/skill/0b917c3e-e49f-40d9-8f95-3bc8e9c06fd2
http://data.europa.eu/esco/occupation/0044c991-c26f-4261-a213-4bd1c0564a4c,essential,skill/competence,http://data.europa.eu/esco/skill/1dc72b51-0428-4d28-b44f-2b8d55f25599
http://data.europa.eu/esco/occupation/0044c991-c26f-4261-a213-4bd1c0564a4c,essential,skill/competence,http://data.europa.eu/esco/skill/24e09e11-49f4-4e65-86a9-d8179eb6f4ee
http://data.europa.eu/esco/occupation/0044c991-c26f-4261-a213-4bd1c0564a4c,essential,skill/competence,http://data.europa.eu/esco/skill/2e040fb0-66b9-4529-bec6-466472b60773
http://data.europa.eu/esco/occupation/0044c991-c26f-4261-a213-4bd1c0564a4c,essential,skill/competence,http://data.europa.eu/esco/skill/2fffc0e3-3e79-4e85-8af4-c0ae327ce2f8
http://data.europa.eu/esco/occupation/0044c991-c26f-4261-a213-4bd1c0564a4c,essential,skill/competence,http://data.europa.eu/esco/skill/328733a7-6d84-420d-a65c-2a8014fadc60
http://data.europa.eu/esco/occupation/0044c991-c26f-4261-a213-4bd1c0564a4c,essential,skill/competence,http://data.europa.eu/esco/skill/3529d640-5d49-45fe-8ede-491e9c8e0447
http://data.europa.eu/esco/occupation/0044c991-c26f-4261-a213-4bd1c0564a4c,essential,skill/competence,http://data.europa.eu/esco/skill/41ef4b15-1c8c-488e-9abc-6731d8011312
http://data.europa.eu/esco/occupation/0044c991-c26f-4261-a213-4bd1c0564a4c,essential,skill/competence,http://data.europa.eu/esco/skill/6122d586-5978-431f-8e7a-96e61fc1f3fc
http://data.europa.eu/esco/occupation/0044c991-c26f-4261-a213-4bd1c0564a4c,essential,skill/competence,http://data.europa.eu/esco/skill/6cf8c56c-4db6-4f6b-88b6-331f9902acea
http://data.europa.eu/esco/occupation/0044c991-c26f-4261-a213-4bd1c0564a4c,essential,skill/competence,http://data.europa.eu/esco/skill/6f571969-3640-4774-a9bc-fd2ef583fdec
http://data.europa.eu/esco/occupation/0044c991-c26f-4261-a213-4bd1c0564a4c,essential,skill/competence,http://data.europa.eu/esco/skill/7110bf9f-b245-4adc-9159-5081013fd64d
http://data.europa.eu/esco/occupation/0044c991-c26f-4261-a213-4bd1c0564a4c,essential,skill/competence,http://data.europa.eu/esco/skill/819c55a7-8bc7-423a-9b3b-7adf5a6e6a5b
http://data.europa.eu/esco/occupation/0044c991-c26f-4261-a213-4bd1c0564a4c,essential,skill/competence,http://data.europa.eu/esco/skill/82fadde2-45cc-4734-bace-dadafdeaa41f
http://data.europa.eu/esco/occupation/0044c991-c26f-4261-a213-4bd1c0564a4c,essential,skill/competence,http://data.europa.eu/esco/skill/8557f2f8-7ff3-47d8-bdb4-b9608dee906e
http://data.europa.eu/esco/occupation/0044c991-c26f-4261-a213-4bd1c0564a4c,essential,skill/competence,http://data.europa.eu/esco/skill/89d2bb53-67fc-4b9e-80c7-07b6c587bc0d
http://data.europa.eu/esco/occupation/0044c991-c26f-4261-a213-4bd1c0564a4c,essential,skill/competence,http://data.europa.eu/esco/skill/9ec07ba9-f876-4dce-92b1-9e0cd68aa969
http://data.europa.eu/esco/occupation/0044c991-c26f-4261-a213-4bd1c0564a4c,essential,skill/competence,http://data.europa.eu/esco/skill/ab2e56f3-24f0-413b-a67b-291a67fc2d1f
http://data.europa.eu/esco/occupation/0044c991-c26f-4261-a213-4bd1c0564a4c,essential,skill/competence,http://data.europa.eu/esco/skill/b5a1fc87-c9f2-41f4-a1ae-28e023715592
http://data.europa.eu/esco/occupation/0044c991-c26f-4261-a213-4bd1c0564a4c,essential,skill/competence,http://data.europa.eu/esco/skill/b8e0e484-955f-4396-b9b4-aaadde86017f
http://data.europa.eu/esco/occupation/0044c991-c26f-4261-a213-4bd1c0564a4c,essential,skill/competence,http://data.europa.eu/esco/skill/c3fb1757-a529-4336-8898-4e96cd99f95f
http://data.europa.eu/esco/occupation/0044c991-c26f-4261-a213-4bd1c0564a4c,essential,skill/competence,http://data.europa.eu/esco/skill/cb1a2fbf-242d-4a4e-a466-588378f124c1
http://data.europa.eu/esco/occupation/0044c991-c26f-4261-a213-4bd1c0564a4c,essential,skill/competence,http://data.europa.eu/esco/skill/cd4b9e72-a18d-44bd-b227-14bbdd162dc1
http://data.europa.eu/esco/occupation/0044c991-c26f-4261-a213-4bd1c0564a4c,essential,skill/competence,http://data.europa.eu/esco/skill/e0e86af6-ecb7-446b-acdd-d70cf2e7daad
http://data.europa.eu/esco/occupation/0044c991-c26f-4261-a213-4bd1c0564a4c,optional,knowledge,http://data.europa.eu/esco/skill/11e2378a-ccc0-45a5-993c-23eb65f9e1ce
http://data.europa.eu/esco/occupation/0044c991-c26f-4261-a213-4bd1c0564a4c,optional,knowledge,http://data.europa.eu/esco/skill/1d4b74b0-1a48-48ec-a3cd-26cca0c212a3
http://data.europa.eu/esco/occupation/0044c991-c26f-4261-a213-4bd1c0564a4c,optional,knowledge,http://data.europa.eu/esco/skill/371d4ecb-4413-4d4c-9ffb-d3ad82f1f552
http://data.europa.eu/esco/occupation/0044c991-c26f-4261-a213-4bd1c0564a4c,optional,knowledge,http://data.europa.eu/esco/skill/3f24c61e-8dbd-4a42-baa5-38d8399a2e37
http://data.europa.eu/esco/occupation/0044c991-c26f-4261-a213-4bd1c0564a4c,optional,knowledge,http://data.europa.eu/esco/skill/406cff78-4aa9-427e-9d56-ad998041cb92
http://data.europa.eu/esco/occupation/0044c991-c26f-4261-a213-4bd1c0564a4c,optional,knowledge,http://data.europa.eu/esco/skill/4ee6d767-f269-4711-a513-9d9ff958d4fa
http://data.europa.eu/esco/occupation/0044c991-c26f-4261-a213-4bd1c0564a4c,optional,knowledge,http://data.europa.eu/esco/skill/518339db-bdfb-4d12-8d76-c065a7ca4364
http://data.europa.eu/esco/occupation/0044c991-c26f-4261-a213-4bd1c0564a4c,optional,knowledge,http://data.europa.eu/esco/skill/55fed833-b876-4f71-a6f3-534419a9b030
http://data.europa.eu/esco/occupation/0044c991-c26f-4261-a213-4bd1c0564a4c,optional,knowledge,http://data.europa.eu/esco/skill/641bc86f-42ca-44e9-af8b-4f9e1f284e41
http://data.europa.eu/esco/occupation/0044c991-c26f-4261-a213-4bd1c0564a4c,optional,knowledge,http://data.europa.eu/esco/skill/66b1758e-0999-44f9-87ab-bf22c8b92b37
http://data.europa.eu/esco/occupation/0044c991-c26f-4261-a213-4bd1c0564a4c,optional,knowledge,http://data.europa.eu/esco/skill/76a12197-e3c4-456b-bbff-1e2248716a55
http://data.europa.eu/esco/occupation/0044c991-c26f-4261-a213-4bd1c0564a4c,optional,knowledge,http://data.europa.eu/esco/skill/7b85473a-d609-4da4-92b7-a66cfaa86302
http://data.europa.eu/esco/occupation/0044c991-c26f-4261-a213-4bd1c0564a4c,optional,knowledge,http://data.europa.eu/esco/skill/8ba9a58f-a491-4a23-9325-85f3b171aa53
http://data.europa.eu/esco/occupation/0044c991-c26f-4261-a213-4bd1c0564a4c,optional,knowledge,http://data.europa.eu/esco/skill/9c604f80-b430-40f3-8c88-e19e29899dbc
http://data.europa.eu/esco/occupation/0044c991-c26f-4261-a213-4bd1c0564a4c,optional,knowledge,http://data.europa.eu/esco/skill/a4346013-a967-4a58-a533-6b32ad1364c5
http://data.europa.eu/esco/occupation/0044c991-c26f-4261-a213-4bd1c0564a4c,optional,knowledge,http://data.europa.eu/esco/skill/c07dab7f-deb2-4985-ac64-c62514221869
http://data.europa.eu/esco/occupation/0044c991-c26f-4261-a213-4bd1c0564a4c,optional,knowledge,http://data.europa.eu/esco/skill/d8a37cc7-878d-4c76-af69-3584282d8a8f
http://data.europa.eu/esco/occupation/0044c991-c26f-4261-a213-4bd1c0564a4c,optional,knowledge,http://data.europa.eu/esco/skill/deed7f6d-328d-4f67-b74e-9b83180c1c5c
http://data.europa.eu/esco/occupation/0044c991-c26f-4261-a213-4bd1c0564a4c,optional,knowledge,http://data.europa.eu/esco/skill/f2af6651-a600-4324-bd90-b22cbcd67068
http://data.europa.eu/esco/occupation/0044c991-c26f-4261-a213-4bd1c0564a4c,optional,knowledge,http://data.europa.eu/esco/skill/feb98135-93fe-4b57-b7f6-cf7d4796bc39
http://data.europa.eu/esco/occupation/0044c991-c26f-4261-a213-4bd1c0564a4c,optional,skill/competence,http://data.europa.eu/esco/skill/05580192-9610-4bbf-9dd7-f09fe4cae28a
http://data.europa.eu/esco/occupation/0044c991-c26f-4261-a213-4bd1c0564a4c,optional,skill/competence,http://data.europa.eu/esco/skill/0ecf2d93-39a1-4b3d-8ebe-36ea879c7cd7
http://data.europa.eu/esco/occupation/0044c991-c26f-4261-a213-4bd1c0564a4c,optional,skill/competence,http://data.europa.eu/esco/skill/1a2cca81-480c-43ad-b183-923827f2fc0b
http://data.europa.eu/esco/occupation/0044c991-c26f-4261-a213-4bd1c0564a4c,optional,skill/competence,http://data.europa.eu/esco/skill/1bd03b9b-835e-4719-ac20-d2d547840061
http://data.europa.eu/esco/occupation/0044c991-c26f-4261-a213-4bd1c0564a4c,optional,skill/competence,http://data.europa.eu/esco/skill/1f6579b0-11e6-4eb2-82d0-5f2d27cc11d6
http://data.europa.eu/esco/occupation/0044c991-c26f-4261-a213-4bd1c0564a4c,optional,skill/competence,http://data.europa.eu/esco/skill/210827e3-3129-45a2-8683-70399f3f561f
http://data.europa.eu/esco/occupation/0044c991-c26f-4261-a213-4bd1c0564a4c,optional,skill/competence,http://data.europa.eu/esco/skill/269ea7d1-9909-47cb-b4d9-f63fc7f4a302
http://data.europa.eu/esco/occupation/0044c991-c26f-4261-a213-4bd1c0564a4c,optional,skill/competence,http://data.europa.eu/esco/skill/2931aea3-136e-4344-8fe1-c8f57f950246
http://data.europa.eu/esco/occupation/0044c991-c26f-4261-a213-4bd1c0564a4c,optional,skill/competence,http://data.europa.eu/esco/skill/2ee3dfd7-fd74-42e8-b32d-5b727e6e929d
http://data.europa.eu/esco/occupation/0044c991-c26f-4261-a213-4bd1c0564a4c,optional,skill/competence,http://data.europa.eu/esco/skill/355c4510-8b6c-4d39-9e4d-5b91ddda2fb4
http://data.europa.eu/esco/occupation/0044c991-c26f-4261-a213-4bd1c0564a4c,optional,skill/competence,http://data.europa.eu/esco/skill/3be9e2fe-d793-4f35-91ed-61fbc55ae7db
http://data.europa.eu/esco/occupation/0044c991-c26f-4261-a213-4bd1c0564a4c,optional,skill/competence,http://data.europa.eu/esco/skill/44f6a65f-6be7-4818-9a66-73908797283f
http://data.europa.eu/esco/occupation/0044c991-c26f-4261-a213-4bd1c0564a4c,optional,skill/competence,http://data.europa.eu/esco/skill/51ece34f-c24e-4183-9bf4-9b6f28748aec
http://data.europa.eu/esco/occupation/0044c991-c26f-4261-a213-4bd1c0564a4c,optional,skill/competence,http://data.europa.eu/esco/skill/60358919-aa4c-4fc4-b687-14597dbbc752
http://data.europa.eu/esco/occupation/0044c991-c26f-4261-a213-4bd1c0564a4c,optional,skill/competence,http://data.europa.eu/esco/skill/67d37d22-a013-4d79-9185-2f97820917d6
http://data.europa.eu/esco/occupation/0044c991-c26f-4261-a213-4bd1c0564a4c,optional,skill/competence,http://data.europa.eu/esco/skill/6b29b77f-7265-4dae-8309-78077f99ab60
http://data.europa.eu/esco/occupation/0044c991-c26f-4261-a213-4bd1c0564a4c,optional,skill/competence,http://data.europa.eu/esco/skill/6f900dcb-c7ff-4d97-8015-9c45b99f7097
http://data.europa.eu/esco/occupation/0044c991-c26f-4261-a213-4bd1c0564a4c,optional,skill/competence,http://data.europa.eu/esco/skill/835a88b8-3a49-47b2-8a86-6d58cf42757c
http://data.europa.eu/esco/occupation/0044c991-c26f-4261-a213-4bd1c0564a4c,optional,skill/competence,http://data.europa.eu/esco/skill/929a997b-d56c-4383-b36d-6de9fa0e1721
http://data.europa.eu/esco/occupation/0044c991-c26f-4261-a213-4bd1c0564a4c,optional,skill/competence,http://data.europa.eu/esco/skill/973e711f-5c7a-43b2-9ac7-3ab95505aa00
http://data.europa.eu/esco/occupation/0044c991-c26f-4261-a213-4bd1c0564a4c,optional,skill/competence,http://data.europa.eu/esco/skill/9ab25f31-8aa8-4367-bff0-b7c6ca07ac0b
http://data.europa.eu/esco/occupation/0044c991-c26f-4261-a213-4bd1c0564a4c,optional,skill/competence,http://data.europa.eu/esco/skill/d59d023b-8f28-4e67-9a41-aa36320e6c69
http://data.europa.eu/esco/occupation/0044c991-c26f-4261-a213-4bd1c0564a4c,optional,skill/competence,http://data.europa.eu/esco/skill/f9f6559c-029a-4586-ab68-02cbc1632b67
http://data.europa.eu/esco/occupation/00634fc4-802a-461b-8af0-499273756f99,essential,knowledge,http://data.europa.eu/esco/skill/f91ad7eb-f4dd-400f-b69e-6a4e23024741
http://data.europa.eu/esco/occupation/00634fc4-802a-461b-8af0-499273756f99,essential,skill/competence,http://data.europa.eu/esco/skill/50f2d23c-b3fb-48a5-967b-14fd0a6dd205
http://data.europa.eu/esco/occupation/00634fc4-802a-461b-8af0-499273756f99,essential,skill/competence,http://data.europa.eu/esco/skill/60ee2021-7d84-41b9-8285-6bff269eed78
http://data.europa.eu/esco/occupation/00634fc4-802a-461b-8af0-499273756f99,essential,skill/competence,http://data.europa.eu/esco/skill/6f41081b-39ee-4a42-a8d4-a1cee7a39873
http://data.europa.eu/esco/occupation/00634fc4-802a-461b-8af0-499273756f99,essential,skill/competence,http://data.europa.eu/esco/skill/6f571969-3640-4774-a9bc-fd2ef583fdec
http://data.europa.eu/esco/occupation/00634fc4-802a-461b-8af0-499273756f99,essential,skill/competence,http://data.europa.eu/esco/skill/93261e82-8ffe-4a8b-b8b0-02265edbf562
http://data.europa.eu/esco/occupation/00634fc4-802a-461b-8af0-499273756f99,essential,skill/competence,http://data.europa.eu/esco/skill/a93011ca-e6ab-4182-8a05-4d4b282cff27
http://data.europa.eu/esco/occupation/00634fc4-802a-461b-8af0-499273756f99,essential,skill/competence,http://data.europa.eu/esco/skill/aba33944-7bc3-42ea-9b37-03d7482231c7
http://data.europa.eu/esco/occupation/00634fc4-802a-461b-8af0-499273756f99,essential,skill/competence,http://data.europa.eu/esco/skill/c643e59b-d74c-4f44-b76e-6e1d96c05ec4
http://data.europa.eu/esco/occupation/00634fc4-802a-461b-8af0-499273756f99,essential,skill/competence,http://data.europa.eu/esco/skill/cdd2b6cc-b4a9-42a0-824b-766f52176fd3
http://data.europa.eu/esco/occupation/00634fc4-802a-461b-8af0-499273756f99,essential,skill/competence,http://data.europa.eu/esco/skill/ebf40cf9-5c98-4d84-9f01-b7ca74e90682
http://data.europa.eu/esco/occupation/00634fc4-802a-461b-8af0-499273756f99,optional,knowledge,http://data.europa.eu/esco/skill/82887396-e5bf-4306-af51-3fe8d82790b2
http://data.europa.eu/esco/occupation/00634fc4-802a-461b-8af0-499273756f99,optional,knowledge,http://data.europa.eu/esco/skill/cc173f61-3386-44c5-a048-3889e1ec9114
http://data.europa.eu/esco/occupation/00634fc4-802a-461b-8af0-499273756f99,optional,knowledge,http://data.europa.eu/esco/skill/fe77f9ca-7bd2-4a68-98f4-8463a4fb8301
http://data.europa.eu/esco/occupation/00634fc4-802a-461b-8af0-499273756f99,optional,skill/competence,http://data.europa.eu/esco/skill/86df7af2-f9f3-4c06-a500-7f1fba9e78fe
http://data.europa.eu/esco/occupation/00634fc4-802a-461b-8af0-499273756f99,optional,skill/competence,http://data.europa.eu/esco/skill/a11c4c9c-ed68-4dcd-b7ef-841e7e347d70
http://data.europa.eu/esco/occupation/00634fc4-802a-461b-8af0-499273756f99,optional,skill/competence,http://data.europa.eu/esco/skill/ef2adfe8-d7a5-465d-bbe6-8f9e913ae7ed
http://data.europa.eu/esco/occupation/00674f21-2f8f-4a41-9896-133f7cbe2a6e,essential,knowledge,http://data.europa.eu/esco/skill/74bb0643-a15f-48ea-b12c-d98bf49cb317
http://data.europa.eu/esco/occupation/00674f21-2f8f-4a41-9896-133f7cbe2a6e,essential,skill/competence,http://data.europa.eu/esco/skill/07090471-265a-48ec-b744-72b357e801ed
http://data.europa.eu/esco/occupation/00674f21-2f8f-4a41-9896-133f7cbe2a6e,essential,skill/competence,http://data.europa.eu/esco/skill/11f536f5-b0e2-46a6-95c1-bd765946604c
http://data.europa.eu/esco/occupation/00674f21-2f8f-4a41-9896-133f7cbe2a6e,essential,skill/competence,http://data.europa.eu/esco/skill/44da96fe-26a3-4a32-9a0f-c49614bb7298
http://data.europa.eu/esco/occupation/00674f21-2f8f-4a41-9896-133f7cbe2a6e,essential,skill/competence,http://data.europa.eu/esco/skill/4a874516-eb34-4dc1-833d-864c5a448db2
http://data.europa.eu/esco/occupation/00674f21-2f8f-4a41-9896-133f7cbe2a6e,essential,skill/competence,http://data.europa.eu/esco/skill/5a42eaf5-93bb-4bca-8ebd-4d78e96e4929
http://data.europa.eu/esco/occupation/00674f21-2f8f-4a41-9896-133f7cbe2a6e,essential,skill/competence,http://data.europa.eu/esco/skill/64b0515c-98b0-4cfd-8791-2f0a74e0ca37
http://data.europa.eu/esco/occupation/00674f21-2f8f-4a41-9896-133f7cbe2a6e,essential,skill/competence,http://data.europa.eu/esco/skill/6b58a6d2-89cf-4ab5-bb62-eb29ae968934
http://data.europa.eu/esco/occupation/00674f21-2f8f-4a41-9896-133f7cbe2a6e,essential,skill/competence,http://data.europa.eu/esco/skill/7530bc44-f09d-4dd2-8911-92b98333e442
http://data.europa.eu/esco/occupation/00674f21-2f8f-4a41-9896-133f7cbe2a6e,essential,skill/competence,http://data.europa.eu/esco/skill/8e09fe66-2649-4179-81ef-91fefa3ceee8
http://data.europa.eu/esco/occupation/00674f21-2f8f-4a41-9896-133f7cbe2a6e,essential,skill/competence,http://data.europa.eu/esco/skill/a13566a2-4461-4dcc-82b2-8280fb5bb993
http://data.europa.eu/esco/occupation/00674f21-2f8f-4a41-9896-133f7cbe2a6e,essential,skill/competence,http://data.europa.eu/esco/skill/a65fb963-6faf-47b2-a3d9-c4e5e4d833c5
http://data.europa.eu/esco/occupation/00674f21-2f8f-4a41-9896-133f7cbe2a6e,essential,skill/competence,http://data.europa.eu/esco/skill/b1d75e36-64d3-4000-bd9c-14899bea87e2
http://data.europa.eu/esco/occupation/00674f21-2f8f-4a41-9896-133f7cbe2a6e,essential,skill/competence,http://data.europa.eu/esco/skill/b9bb1f03-15e2-4079-943e-7e483b21725b
http://data.europa.eu/esco/occupation/00674f21-2f8f-4a41-9896-133f7cbe2a6e,essential,skill/competence,http://data.europa.eu/esco/skill/beb952e4-8a9c-47af-8a60-c6eb5c5f25bc
http://data.europa.eu/esco/occupation/00674f21-2f8f-4a41-9896-133f7cbe2a6e,essential,skill/competence,http://data.europa.eu/esco/skill/d39a5880-7d0a-4573-9f70-a75ff875bf83
http://data.europa.eu/esco/occupation/00674f21-2f8f-4a41-9896-133f7cbe2a6e,essential,skill/competence,http://data.europa.eu/esco/skill/d5e1e30e-44ab-4aba-abab-b8263e801b7a
http://data.europa.eu/esco/occupation/00674f21-2f8f-4a41-9896-133f7cbe2a6e,essential,skill/competence,http://data.europa.eu/esco/skill/f5dc20ae-8b2f-4c9b-b4fa-e9e8c81dbcf4
http://data.europa.eu/esco/occupation/00674f21-2f8f-4a41-9896-133f7cbe2a6e,optional,knowledge,http://data.europa.eu/esco/skill/06bd47bc-d9f3-4517-8e34-c55c2e81f8c2
http://data.europa.eu/esco/occupation/00674f21-2f8f-4a41-9896-133f7cbe2a6e,optional,knowledge,http://data.europa.eu/esco/skill/4e3db6d7-88b8-492d-89e5-a93d01c3e369
http://data.europa.eu/esco/occupation/00674f21-2f8f-4a41-9896-133f7cbe2a6e,optional,knowledge,http://data.europa.eu/esco/skill/6b28bb69-a6ef-42d4-84df-46e498f09297
http://data.europa.eu/esco/occupation/00674f21-2f8f-4a41-9896-133f7cbe2a6e,optional,knowledge,http://data.europa.eu/esco/skill/731101d9-94bc-4805-bff4-9578d1bf03b5
http://data.europa.eu/esco/occupation/00674f21-2f8f-4a41-9896-133f7cbe2a6e,optional,knowledge,http://data.europa.eu/esco/skill/7b34134b-eb4c-40da-98a0-98b6190aa93b
http://data.europa.eu/esco/occupation/00674f21-2f8f-4a41-9896-133f7cbe2a6e,optional,knowledge,http://data.europa.eu/esco/skill/81ad8286-cc55-4a08-92a6-38474c35c893
http://data.europa.eu/esco/occupation/00674f21-2f8f-4a41-9896-133f7cbe2a6e,optional,knowledge,http://data.europa.eu/esco/skill/a5b0cd5c-e13a-4ab3-8d93-4d242adcfb01
http://data.europa.eu/esco/occupation/00674f21-2f8f-4a41-9896-133f7cbe2a6e,optional,knowledge,http://data.europa.eu/esco/skill/edff6d20-660d-4d33-b412-9a5b664a14be
http://data.europa.eu/esco/occupation/00674f21-2f8f-4a41-9896-133f7cbe2a6e,optional,knowledge,http://data.europa.eu/esco/skill/f7464f30-662b-4177-85a0-3df9693e9e58
http://data.europa.eu/esco/occupation/00674f21-2f8f-4a41-9896-133f7cbe2a6e,optional,skill/competence,http://data.europa.eu/esco/skill/1be68ecc-7263-4118-8ca5-254e444f3bc0
http://data.europa.eu/esco/occupation/00674f21-2f8f-4a41-9896-133f7cbe2a6e,optional,skill/competence,http://data.europa.eu/esco/skill/20f57a7f-b90e-4403-8c77-5ddd89b5835b
http://data.europa.eu/esco/occupation/00674f21-2f8f-4a41-9896-133f7cbe2a6e,optional,skill/competence,http://data.europa.eu/esco/skill/229b10cf-6f3a-490c-9706-01c107df0562
http://data.europa.eu/esco/occupation/00674f21-2f8f-4a41-9896-133f7cbe2a6e,optional,skill/competence,http://data.europa.eu/esco/skill/28ca596e-5e2f-4149-a28d-42d2c4c20227
http://data.europa.eu/esco/occupation/00674f21-2f8f-4a41-9896-133f7cbe2a6e,optional,skill/competence,http://data.europa.eu/esco/skill/3399cde5-6d0d-48a5-a7ac-53706648f283
http://data.europa.eu/esco/occupation/00674f21-2f8f-4a41-9896-133f7cbe2a6e,optional,skill/competence,http://data.europa.eu/esco/skill/36fe44b2-af36-4467-9be8-601e64b3dbc7
http://data.europa.eu/esco/occupation/00674f21-2f8f-4a41-9896-133f7cbe2a6e,optional,skill/competence,http://data.europa.eu/esco/skill/383955b1-9059-47e4-9028-67bb2fdb6be6
http://data.europa.eu/esco/occupation/00674f21-2f8f-4a41-9896-133f7cbe2a6e,optional,skill/competence,http://data.europa.eu/esco/skill/6fe019dd-027f-45f3-b19c-d27f7ae00980
http://data.europa.eu/esco/occupation/00674f21-2f8f-4a41-9896-133f7cbe2a6e,optional,skill/competence,http://data.europa.eu/esco/skill/77eda69d-ddf6-40ca-b66f-870ea996734d
http://data.europa.eu/esco/occupation/00674f21-2f8f-4a41-9896-133f7cbe2a6e,optional,skill/competence,http://data.europa.eu/esco/skill/98a0c718-40b1-4a4f-a366-b8155f238d9b
http://data.europa.eu/esco/occupation/00674f21-2f8f-4a41-9896-133f7cbe2a6e,optional,skill/competence,http://data.europa.eu/esco/skill/b78f324d-e16c-43f8-97d2-50d3a7cd1fb3
http://data.europa.eu/esco/occupation/00674f21-2f8f-4a41-9896-133f7cbe2a6e,optional,skill/competence,http://data.europa.eu/esco/skill/bd420d08-880b-43bc-a808-d46ad3115168
http://data.europa.eu/esco/occupation/00674f21-2f8f-4a41-9896-133f7cbe2a6e,optional,skill/competence,http://data.europa.eu/esco/skill/cedd0710-62ae-4ff4-89ae-ac52375f86ec
http://data.europa.eu/esco/occupation/00674f21-2f8f-4a41-9896-133f7cbe2a6e,optional,skill/competence,http://data.europa.eu/esco/skill/e927ab40-a135-4a7a-9dfc-b57132741281
http://data.europa.eu/esco/occupation/00674f21-2f8f-4a41-9896-133f7cbe2a6e,optional,skill/competence,http://data.europa.eu/esco/skill/efe801a5-8704-4def-8a96-c32f7a6cb9fb
http://data.europa.eu/esco/occupation/006cc1f9-2841-41c3-991a-dc3f2f3bd533,essential,knowledge,http://data.europa.eu/esco/skill/190be8c6-69a6-4aff-8320-473aee68d4c8
http://data.europa.eu/esco/occupation/006cc1f9-2841-41c3-991a-dc3f2f3bd533,essential,knowledge,http://data.europa.eu/esco/skill/2806260f-6399-4add-8f11-070141423f9d
http://data.europa.eu/esco/occupation/006cc1f9-2841-41c3-991a-dc3f2f3bd533,essential,knowledge,http://data.europa.eu/esco/skill/28cd3cc4-5b92-47e6-9534-a0e1a4981103
http://data.europa.eu/esco/occupation/006cc1f9-2841-41c3-991a-dc3f2f3bd533,essential,knowledge,http://data.europa.eu/esco/skill/2ed78f04-8282-40ab-89a6-9392fde00826
http://data.europa.eu/esco/occupation/006cc1f9-2841-41c3-991a-dc3f2f3bd533,essential,knowledge,http://data.europa.eu/esco/skill/4f7b14d8-f09c-49f7-abae-231e8c210e07
http://data.europa.eu/esco/occupation/006cc1f9-2841-41c3-991a-dc3f2f3bd533,essential,knowledge,http://data.europa.eu/esco/skill/508f3b4c-799a-4742-b3ae-75f2ff11153d
http://data.europa.eu/esco/occupation/006cc1f9-2841-41c3-991a-dc3f2f3bd533,essential,knowledge,http://data.europa.eu/esco/skill/51e53aff-6f8a-42ca-9cb9-47335130f4d7
http://data.europa.eu/esco/occupation/006cc1f9-2841-41c3-991a-dc3f2f3bd533,essential,knowledge,http://data.europa.eu/esco/skill/52c19dc8-651f-4095-98fe-dcb2799d702e
http://data.europa.eu/esco/occupation/006cc1f9-2841-41c3-991a-dc3f2f3bd533,essential,knowledge,http://data.europa.eu/esco/skill/56a46b02-ab98-4603-8816-c9daff1a119a
http://data.europa.eu/esco/occupation/006cc1f9-2841-41c3-991a-dc3f2f3bd533,essential,knowledge,http://data.europa.eu/esco/skill/5dfcc46a-4fb1-453c-961b-5d41bf077433
http://data.europa.eu/esco/occupation/006cc1f9-2841-41c3-991a-dc3f2f3bd533,essential,knowledge,http://data.europa.eu/esco/skill/60c544c9-0815-479c-bcec-93c7891815ea
http://data.europa.eu/esco/occupation/006cc1f9-2841-41c3-991a-dc3f2f3bd533,essential,knowledge,http://data.europa.eu/esco/skill/692ace70-7f97-4214-92bd-88f7637d8a44
http://data.europa.eu/esco/occupation/006cc1f9-2841-41c3-991a-dc3f2f3bd533,essential,knowledge,http://data.europa.eu/esco/skill/6fa0f0de-5630-4a08-a042-a2e07de9208e
http://data.europa.eu/esco/occupation/006cc1f9-2841-41c3-991a-dc3f2f3bd533,essential,knowledge,http://data.europa.eu/esco/skill/8671290a-ab17-42c2-9114-adcb741e7257
http://data.europa.eu/esco/occupation/006cc1f9-2841-41c3-991a-dc3f2f3bd533,essential,knowledge,http://data.europa.eu/esco/skill/87669743-a291-4ea0-9a50-cac60d45649c
http://data.europa.eu/esco/occupation/006cc1f9-2841-41c3-991a-dc3f2f3bd533,essential,knowledge,http://data.europa.eu/esco/skill/8881a9c2-bd07-4954-bf27-c1f8acca9af0
http://data.europa.eu/esco/occupation/006cc1f9-2841-41c3-991a-dc3f2f3bd533,essential,knowledge,http://data.europa.eu/esco/skill/8a06c621-adfe-41df-8fe9-6b33f1ea3f0a
http://data.europa.eu/esco/occupation/006cc1f9-2841-41c3-991a-dc3f2f3bd533,essential,knowledge,http://data.europa.eu/esco/skill/95992467-644f-4178-97ad-b0e50a8ab084
http://data.europa.eu/esco/occupation/006cc1f9-2841-41c3-991a-dc3f2f3bd533,essential,knowledge,http://data.europa.eu/esco/skill/9ec4252d-cbe8-4134-88fa-549dee1883f3
http://data.europa.eu/esco/occupation/006cc1f9-2841-41c3-991a-dc3f2f3bd533,essential,knowledge,http://data.europa.eu/esco/skill/add39442-b8ca-4412-8156-391db53b0c5d
http://data.europa.eu/esco/occupation/006cc1f9-2841-41c3-991a-dc3f2f3bd533,essential,knowledge,http://data.europa.eu/esco/skill/b21e2984-c6b2-4352-bbe8-8f3b03bd50f6
http://data.europa.eu/esco/occupation/006cc1f9-2841-41c3-991a-dc3f2f3bd533,essential,knowledge,http://data.europa.eu/esco/skill/bfe4f330-d595-48c7-ab3c-f309471d6953
http://data.europa.eu/esco/occupation/006cc1f9-2841-41c3-991a-dc3f2f3bd533,essential,knowledge,http://data.europa.eu/esco/skill/e35bfbda-2b8a-4d8e-9afb-8a1862703642
http://data.europa.eu/esco/occupation/006cc1f9-2841-41c3-991a-dc3f2f3bd533,essential,knowledge,http://data.europa.eu/esco/skill/e862fb43-5acd-4d37-a4a2-63684c164932
http://data.europa.eu/esco/occupation/006cc1f9-2841-41c3-991a-dc3f2f3bd533,essential,knowledge,http://data.europa.eu/esco/skill/f7464f30-662b-4177-85a0-3df9693e9e58
http://data.europa.eu/esco/occupation/006cc1f9-2841-41c3-991a-dc3f2f3bd533,essential,knowledge,http://data.europa.eu/esco/skill/f9f258e3-4728-4107-9e08-293d5d2ef65e
http://data.europa.eu/esco/occupation/006cc1f9-2841-41c3-991a-dc3f2f3bd533,essential,skill/competence,http://data.europa.eu/esco/skill/029e2bb0-6dd8-4600-bb89-ac7480ae8fb0
http://data.europa.eu/esco/occupation/006cc1f9-2841-41c3-991a-dc3f2f3bd533,essential,skill/competence,http://data.europa.eu/esco/skill/03b9b491-fc9b-4868-914a-bf7cd47b5041
http://data.europa.eu/esco/occupation/006cc1f9-2841-41c3-991a-dc3f2f3bd533,essential,skill/competence,http://data.europa.eu/esco/skill/049c8caf-dd12-45fc-9bfa-b64051f32a19
http://data.europa.eu/esco/occupation/006cc1f9-2841-41c3-991a-dc3f2f3bd533,essential,skill/competence,http://data.europa.eu/esco/skill/072a702d-70c3-4959-91c7-85e69d143894
http://data.europa.eu/esco/occupation/006cc1f9-2841-41c3-991a-dc3f2f3bd533,essential,skill/competence,http://data.europa.eu/esco/skill/097098fc-6d89-44e9-9305-98ac5c0a78ac
http://data.europa.eu/esco/occupation/006cc1f9-2841-41c3-991a-dc3f2f3bd533,essential,skill/competence,http://data.europa.eu/esco/skill/0b5aaee4-c948-4853-bf8d-b9cd6c4917ee
http://data.europa.eu/esco/occupation/006cc1f9-2841-41c3-991a-dc3f2f3bd533,essential,skill/competence,http://data.europa.eu/esco/skill/0cd351e5-8798-482e-88a0-4d3eb8fec257
http://data.europa.eu/esco/occupation/006cc1f9-2841-41c3-991a-dc3f2f3bd533,essential,skill/competence,http://data.europa.eu/esco/skill/0e0e4af2-4af8-40f5-8460-99e7401733c6
http://data.europa.eu/esco/occupation/006cc1f9-2841-41c3-991a-dc3f2f3bd533,essential,skill/competence,http://data.europa.eu/esco/skill/0f3ac478-54fa-4305-b077-50e3c0baeb8c
http://data.europa.eu/esco/occupation/006cc1f9-2841-41c3-991a-dc3f2f3bd533,essential,skill/competence,http://data.europa.eu/esco/skill/0f62b20e-90ea-446b-b5a4-eb5ece4057b0
http://data.europa.eu/esco/occupation/006cc1f9-2841-41c3-991a-dc3f2f3bd533,essential,skill/competence,http://data.europa.eu/esco/skill/13724e7d-b946-4773-915e-9621340237bc
http://data.europa.eu/esco/occupation/006cc1f9-2841-41c3-991a-dc3f2f3bd533,essential,skill/competence,http://data.europa.eu/esco/skill/14d88fae-ead0-4d19-8519-04b154b46987
http://data.europa.eu/esco/occupation/006cc1f9-2841-41c3-991a-dc3f2f3bd533,essential,skill/competence,http://data.europa.eu/esco/skill/154c7027-53f6-4e52-96b9-32bdf949c389
http://data.europa.eu/esco/occupation/006cc1f9-2841-41c3-991a-dc3f2f3bd533,essential,skill/competence,http://data.europa.eu/esco/skill/16284f84-15c9-4542-b122-a6d584f937ee
http://data.europa.eu/esco/occupation/006cc1f9-2841-41c3-991a-dc3f2f3bd533,essential,skill/competence,http://data.europa.eu/esco/skill/16636767-c215-4cf0-b126-e144fea20926
http://data.europa.eu/esco/occupation/006cc1f9-2841-41c3-991a-dc3f2f3bd533,essential,skill/competence,http://data.europa.eu/esco/skill/1b9899a4-5b50-44b0-a21a-e2f86c51ac5a
http://data.europa.eu/esco/occupation/006cc1f9-2841-41c3-991a-dc3f2f3bd533,essential,skill/competence,http://data.europa.eu/esco/skill/2475cd27-8d6c-4318-a364-21395b23acba
http://data.europa.eu/esco/occupation/006cc1f9-2841-41c3-991a-dc3f2f3bd533,essential,skill/competence,http://data.europa.eu/esco/skill/32fcad69-381e-43cb-aebc-94f51ea15bab
http://data.europa.eu/esco/occupation/006cc1f9-2841-41c3-991a-dc3f2f3bd533,essential,skill/competence,http://data.europa.eu/esco/skill/342af3a1-4fdc-4ddc-898a-bb82a7f62efe
http://data.europa.eu/esco/occupation/006cc1f9-2841-41c3-991a-dc3f2f3bd533,essential,skill/competence,http://data.europa.eu/esco/skill/394028bf-8dd1-4910-ad46-bc9e8e6e5b6d
http://data.europa.eu/esco/occupation/006cc1f9-2841-41c3-991a-dc3f2f3bd533,essential,skill/competence,http://data.europa.eu/esco/skill/398304c5-6073-4968-afc7-394fbd837d74
http://data.europa.eu/esco/occupation/006cc1f9-2841-41c3-991a-dc3f2f3bd533,essential,skill/competence,http://data.europa.eu/esco/skill/415abd43-e8e5-4643-b5da-5f11307af57a
http://data.europa.eu/esco/occupation/006cc1f9-2841-41c3-991a-dc3f2f3bd533,essential,skill/competence,http://data.europa.eu/esco/skill/4d614c92-0c48-4a11-a5ed-416b34fd50d2
http://data.europa.eu/esco/occupation/006cc1f9-2841-41c3-991a-dc3f2f3bd533,essential,skill/competence,http://data.europa.eu/esco/skill/51e79cb4-fab3-404c-88f3-cd4a1bd5879e
http://data.europa.eu/esco/occupation/006cc1f9-2841-41c3-991a-dc3f2f3bd533,essential,skill/competence,http://data.europa.eu/esco/skill/541f6f61-40ee-43d3-9f24-a1a5b31c2a34
http://data.europa.eu/esco/occupation/006cc1f9-2841-41c3-991a-dc3f2f3bd533,essential,skill/competence,http://data.europa.eu/esco/skill/60b2dd49-c677-4f47-816e-aff3b577e113
http://data.europa.eu/esco/occupation/006cc1f9-2841-41c3-991a-dc3f2f3bd533,essential,skill/competence,http://data.europa.eu/esco/skill/624d9fff-370d-4001-9481-9c86129fd84f
http://data.europa.eu/esco/occupation/006cc1f9-2841-41c3-991a-dc3f2f3bd533,essential,skill/competence,http://data.europa.eu/esco/skill/674e8dd7-bb77-407c-8f77-c2dda956aa54
http://data.europa.eu/esco/occupation/006cc1f9-2841-41c3-991a-dc3f2f3bd533,essential,skill/competence,http://data.europa.eu/esco/skill/684a597e-0d82-4f98-92f1-1e5888043764
http://data.europa.eu/esco/occupation/006cc1f9-2841-41c3-991a-dc3f2f3bd533,essential,skill/competence,http://data.europa.eu/esco/skill/68aefa78-9a8c-4d5f-879a-abcfe1cd464f
http://data.europa.eu/esco/occupation/006cc1f9-2841-41c3-991a-dc3f2f3bd533,essential,skill/competence,http://data.europa.eu/esco/skill/6d6fb354-ae77-4fb0-80d3-e4e52270774a
http://data.europa.eu/esco/occupation/006cc1f9-2841-41c3-991a-dc3f2f3bd533,essential,skill/competence,http://data.europa.eu/esco/skill/7110bf9f-b245-4adc-9159-5081013fd64d
http://data.europa.eu/esco/occupation/006cc1f9-2841-41c3-991a-dc3f2f3bd533,essential,skill/competence,http://data.europa.eu/esco/skill/73a023d0-888c-4d89-87e4-a03e84395da8
http://data.europa.eu/esco/occupation/006cc1f9-2841-41c3-991a-dc3f2f3bd533,essential,skill/competence,http://data.europa.eu/esco/skill/758e8e0c-2406-460f-b33c-36b422e018bb
http://data.europa.eu/esco/occupation/006cc1f9-2841-41c3-991a-dc3f2f3bd533,essential,skill/competence,http://data.europa.eu/esco/skill/76395873-7fe2-4f9a-b4b6-9932f8cbd0b4
http://data.europa.eu/esco/occupation/006cc1f9-2841-41c3-991a-dc3f2f3bd533,essential,skill/competence,http://data.europa.eu/esco/skill/7d08e3cd-3a68-4568-8273-5b53ac0cbc71
http://data.europa.eu/esco/occupation/006cc1f9-2841-41c3-991a-dc3f2f3bd533,essential,skill/competence,http://data.europa.eu/esco/skill/81b6d428-028b-4bf5-89a2-5e5cb4a8c444
http://data.europa.eu/esco/occupation/006cc1f9-2841-41c3-991a-dc3f2f3bd533,essential,skill/competence,http://data.europa.eu/esco/skill/8232979d-6aa4-40c9-a12b-5152a52a76b8
http://data.europa.eu/esco/occupation/006cc1f9-2841-41c3-991a-dc3f2f3bd533,essential,skill/competence,http://data.europa.eu/esco/skill/98eb1f3b-3480-416b-bd4b-811946f7e347
http://data.europa.eu/esco/occupation/006cc1f9-2841-41c3-991a-dc3f2f3bd533,essential,skill/competence,http://data.europa.eu/esco/skill/9fcf9918-fdef-49c3-aedc-518eb1e7e1f5
http://data.europa.eu/esco/occupation/006cc1f9-2841-41c3-991a-dc3f2f3bd533,essential,skill/competence,http://data.europa.eu/esco/skill/a17286c5-238d-4f0b-bc24-29e9121345de
http://data.europa.eu/esco/occupation/006cc1f9-2841-41c3-991a-dc3f2f3bd533,essential,skill/competence,http://data.europa.eu/esco/skill/a1ce519d-6aeb-4f54-955a-beef7f08f5f0
http://data.europa.eu/esco/occupation/006cc1f9-2841-41c3-991a-dc3f2f3bd533,essential,skill/competence,http://data.europa.eu/esco/skill/a3aff665-ab4a-4a9a-9eba-0cd60cba6517
http://data.europa.eu/esco/occupation/006cc1f9-2841-41c3-991a-dc3f2f3bd533,essential,skill/competence,http://data.europa.eu/esco/skill/aa238394-8126-4ada-be2f-9dfe065cf314
http://data.europa.eu/esco/occupation/006cc1f9-2841-41c3-991a-dc3f2f3bd533,essential,skill/competence,http://data.europa.eu/esco/skill/ac846964-c171-4d43-8834-cc83ff96f582
http://data.europa.eu/esco/occupation/006cc1f9-2841-41c3-991a-dc3f2f3bd533,essential,skill/competence,http://data.europa.eu/esco/skill/afdee309-07f9-464e-ad3b-29f4e539da88
http://data.europa.eu/esco/occupation/006cc1f9-2841-41c3-991a-dc3f2f3bd533,essential,skill/competence,http://data.europa.eu/esco/skill/b55f61a4-5f9e-4741-ba95-9ac04b64119b
http://data.europa.eu/esco/occupation/006cc1f9-2841-41c3-991a-dc3f2f3bd533,essential,skill/competence,http://data.europa.eu/esco/skill/b63bfc0b-5b35-4019-b909-68ade8d9be66
http://data.europa.eu/esco/occupation/006cc1f9-2841-41c3-991a-dc3f2f3bd533,essential,skill/competence,http://data.europa.eu/esco/skill/bcd2ce08-ba12-4d66-865f-f4ba36419707
http://data.europa.eu/esco/occupation/006cc1f9-2841-41c3-991a-dc3f2f3bd533,essential,skill/competence,http://data.europa.eu/esco/skill/c65aa043-98da-4136-9877-494e72d9e4cf
http://data.europa.eu/esco/occupation/006cc1f9-2841-41c3-991a-dc3f2f3bd533,essential,skill/competence,http://data.europa.eu/esco/skill/c82f9319-cf46-4257-a8ce-542d0a7fed8f
http://data.europa.eu/esco/occupation/006cc1f9-2841-41c3-991a-dc3f2f3bd533,essential,skill/competence,http://data.europa.eu/esco/skill/ce0d6a42-59c1-433e-ab62-adfc969c46bb
http://data.europa.eu/esco/occupation/006cc1f9-2841-41c3-991a-dc3f2f3bd533,essential,skill/competence,http://data.europa.eu/esco/skill/d07e7d39-60f9-4ab9-ba03-73f5f8d65cc8
http://data.europa.eu/esco/occupation/006cc1f9-2841-41c3-991a-dc3f2f3bd533,essential,skill/competence,http://data.europa.eu/esco/skill/d3eccb86-f02d-4950-bfbd-20b9510774a1
http://data.europa.eu/esco/occupation/006cc1f9-2841-41c3-991a-dc3f2f3bd533,essential,skill/competence,http://data.europa.eu/esco/skill/d59d023b-8f28-4e67-9a41-aa36320e6c69
http://data.europa.eu/esco/occupation/006cc1f9-2841-41c3-991a-dc3f2f3bd533,essential,skill/competence,http://data.europa.eu/esco/skill/d81a22a2-4f57-4b4d-a3eb-11767238be21
http://data.europa.eu/esco/occupation/006cc1f9-2841-41c3-991a-dc3f2f3bd533,essential,skill/competence,http://data.europa.eu/esco/skill/d93f9e29-9740-4231-8486-13d377b99f05
http://data.europa.eu/esco/occupation/006cc1f9-2841-41c3-991a-dc3f2f3bd533,essential,skill/competence,http://data.europa.eu/esco/skill/e18a6a3c-4f26-4141-8c72-4b4f01d77914
http://data.europa.eu/esco/occupation/006cc1f9-2841-41c3-991a-dc3f2f3bd533,essential,skill/competence,http://data.europa.eu/esco/skill/e2ca587e-9018-4f80-a9f6-100bc3d384ab
http://data.europa.eu/esco/occupation/006cc1f9-2841-41c3-991a-dc3f2f3bd533,essential,skill/competence,http://data.europa.eu/esco/skill/eb9f8a48-4be4-434b-be9d-293ff5c07f97
http://data.europa.eu/esco/occupation/006cc1f9-2841-41c3-991a-dc3f2f3bd533,essential,skill/competence,http://data.europa.eu/esco/skill/eba85523-6ad2-4cd9-9b27-a0b6a39b8cfa
http://data.europa.eu/esco/occupation/006cc1f9-2841-41c3-991a-dc3f2f3bd533,essential,skill/competence,http://data.europa.eu/esco/skill/f6ea35a8-4ef0-4e87-8388-491a6b49aaf8
http://data.europa.eu/esco/occupation/006cc1f9-2841-41c3-991a-dc3f2f3bd533,essential,skill/competence,http://data.europa.eu/esco/skill/f90d4810-8bac-4e5e-b870-3e35a4138ff7
http://data.europa.eu/esco/occupation/006cc1f9-2841-41c3-991a-dc3f2f3bd533,essential,skill/competence,http://data.europa.eu/esco/skill/fd02e17b-05ea-4449-963d-95273199159d
http://data.europa.eu/esco/occupation/006cc1f9-2841-41c3-991a-dc3f2f3bd533,optional,knowledge,http://data.europa.eu/esco/skill/00506f28-e884-4496-800c-3477c67eb355
http://data.europa.eu/esco/occupation/006cc1f9-2841-41c3-991a-dc3f2f3bd533,optional,knowledge,http://data.europa.eu/esco/skill/8ceaad7f-1d37-41e6-a1fe-4ab9707a959b
http://data.europa.eu/esco/occupation/006cc1f9-2841-41c3-991a-dc3f2f3bd533,optional,skill/competence,http://data.europa.eu/esco/skill/578ea133-eaf3-4542-a727-fe4fc8a6b5a9
http://data.europa.eu/esco/occupation/006cc1f9-2841-41c3-991a-dc3f2f3bd533,optional,skill/competence,http://data.europa.eu/esco/skill/5dbbeadb-45a7-404b-ba3c-eeaa045c4e64
http://data.europa.eu/esco/occupation/006cc1f9-2841-41c3-991a-dc3f2f3bd533,optional,skill/competence,http://data.europa.eu/esco/skill/8eab4e4f-03f8-4a66-a830-ec4e5db43253
http://data.europa.eu/esco/occupation/006cc1f9-2841-41c3-991a-dc3f2f3bd533,optional,skill/competence,http://data.europa.eu/esco/skill/cc69175e-c35d-4494-8844-e71385ccce4a
http://data.europa.eu/esco/occupation/006cc1f9-2841-41c3-991a-dc3f2f3bd533,optional,skill/competence,http://data.europa.eu/esco/skill/e724205b-6b9a-45b4-b629-cd32a6c80b4f
http://data.europa.eu/esco/occupation/006cc1f9-2841-41c3-991a-dc3f2f3bd533,optional,skill/competence,http://data.europa.eu/esco/skill/f8bc0c97-e56f-4f19-bedc-fededf7bea26
http://data.europa.eu/esco/occupation/00747307-6341-4266-a061-25416f7c6a96,essential,knowledge,http://data.europa.eu/esco/skill/31b67516-af16-4b97-8430-a8a8e0f84190
http://data.europa.eu/esco/occupation/00747307-6341-4266-a061-25416f7c6a96,essential,knowledge,http://data.europa.eu/esco/skill/6246dda7-e075-448f-b11a-8274923042d5
http://data.europa.eu/esco/occupation/00747307-6341-4266-a061-25416f7c6a96,essential,knowledge,http://data.europa.eu/esco/skill/74be20a7-fcfe-4715-bb62-8937a547a982
http://data.europa.eu/esco/occupation/00747307-6341-4266-a061-25416f7c6a96,essential,knowledge,http://data.europa.eu/esco/skill/7d4a4dc4-9324-4975-905d-ff1140f95acc
http://data.europa.eu/esco/occupation/00747307-6341-4266-a061-25416f7c6a96,essential,knowledge,http://data.europa.eu/esco/skill/81ad8286-cc55-4a08-92a6-38474c35c893
http://data.europa.eu/esco/occupation/00747307-6341-4266-a061-25416f7c6a96,essential,knowledge,http://data.europa.eu/esco/skill/8e16511d-3540-47e1-8620-8f111b7ae280
http://data.europa.eu/esco/occupation/00747307-6341-4266-a061-25416f7c6a96,essential,knowledge,http://data.europa.eu/esco/skill/a5b0cd5c-e13a-4ab3-8d93-4d242adcfb01
http://data.europa.eu/esco/occupation/00747307-6341-4266-a061-25416f7c6a96,essential,knowledge,http://data.europa.eu/esco/skill/edff6d20-660d-4d33-b412-9a5b664a14be
http://data.europa.eu/esco/occupation/00747307-6341-4266-a061-25416f7c6a96,essential,knowledge,http://data.europa.eu/esco/skill/fed5b267-73fa-461d-9f69-827c78beb39d
http://data.europa.eu/esco/occupation/00747307-6341-4266-a061-25416f7c6a96,essential,skill/competence,http://data.europa.eu/esco/skill/11f536f5-b0e2-46a6-95c1-bd765946604c
http://data.europa.eu/esco/occupation/00747307-6341-4266-a061-25416f7c6a96,essential,skill/competence,http://data.europa.eu/esco/skill/197551c2-c5b2-41e8-9b77-676a32ad1e12
http://data.europa.eu/esco/occupation/00747307-6341-4266-a061-25416f7c6a96,essential,skill/competence,http://data.europa.eu/esco/skill/20f57a7f-b90e-4403-8c77-5ddd89b5835b
http://data.europa.eu/esco/occupation/00747307-6341-4266-a061-25416f7c6a96,essential,skill/competence,http://data.europa.eu/esco/skill/229b10cf-6f3a-490c-9706-01c107df0562
http://data.europa.eu/esco/occupation/00747307-6341-4266-a061-25416f7c6a96,essential,skill/competence,http://data.europa.eu/esco/skill/23ac233d-84ad-4517-b0f5-8ca19ba2614e
http://data.europa.eu/esco/occupation/00747307-6341-4266-a061-25416f7c6a96,essential,skill/competence,http://data.europa.eu/esco/skill/2f0a426f-3b95-455b-a872-ef6dee168114
http://data.europa.eu/esco/occupation/00747307-6341-4266-a061-25416f7c6a96,essential,skill/competence,http://data.europa.eu/esco/skill/312d65cd-a09e-446d-af41-b2dc51809155
http://data.europa.eu/esco/occupation/00747307-6341-4266-a061-25416f7c6a96,essential,skill/competence,http://data.europa.eu/esco/skill/3204e6a3-676d-4824-806d-b34c6b798f31
http://data.europa.eu/esco/occupation/00747307-6341-4266-a061-25416f7c6a96,essential,skill/competence,http://data.europa.eu/esco/skill/36fe44b2-af36-4467-9be8-601e64b3dbc7
http://data.europa.eu/esco/occupation/00747307-6341-4266-a061-25416f7c6a96,essential,skill/competence,http://data.europa.eu/esco/skill/40e05a7b-8b3e-4d9e-ac73-e4e315ae86c2
http://data.europa.eu/esco/occupation/00747307-6341-4266-a061-25416f7c6a96,essential,skill/competence,http://data.europa.eu/esco/skill/44da96fe-26a3-4a32-9a0f-c49614bb7298
http://data.europa.eu/esco/occupation/00747307-6341-4266-a061-25416f7c6a96,essential,skill/competence,http://data.europa.eu/esco/skill/573d3f91-c81c-407e-a56d-0f3a63272b43
http://data.europa.eu/esco/occupation/00747307-6341-4266-a061-25416f7c6a96,essential,skill/competence,http://data.europa.eu/esco/skill/59eb177a-2f30-4943-8b30-5f87dd51a80d
http://data.europa.eu/esco/occupation/00747307-6341-4266-a061-25416f7c6a96,essential,skill/competence,http://data.europa.eu/esco/skill/6fe019dd-027f-45f3-b19c-d27f7ae00980
http://data.europa.eu/esco/occupation/00747307-6341-4266-a061-25416f7c6a96,essential,skill/competence,http://data.europa.eu/esco/skill/8123b24e-3cbb-4853-914a-5cff9c1237f0
http://data.europa.eu/esco/occupation/00747307-6341-4266-a061-25416f7c6a96,essential,skill/competence,http://data.europa.eu/esco/skill/94a56423-06a2-4753-b158-4d9231c8293e
http://data.europa.eu/esco/occupation/00747307-6341-4266-a061-25416f7c6a96,essential,skill/competence,http://data.europa.eu/esco/skill/97db841c-31bf-4aa0-85b9-0ddd0a77b7a5
http://data.europa.eu/esco/occupation/00747307-6341-4266-a061-25416f7c6a96,essential,skill/competence,http://data.europa.eu/esco/skill/98d4819d-14c0-44c3-8e0c-ced9f002b728
http://data.europa.eu/esco/occupation/00747307-6341-4266-a061-25416f7c6a96,essential,skill/competence,http://data.europa.eu/esco/skill/9afc0c8e-bbd4-4929-81f9-a17eb8af3879
http://data.europa.eu/esco/occupation/00747307-6341-4266-a061-25416f7c6a96,essential,skill/competence,http://data.europa.eu/esco/skill/b32e593b-cc7f-4f38-bf50-e69431ec7ada
http://data.europa.eu/esco/occupation/00747307-6341-4266-a061-25416f7c6a96,essential,skill/competence,http://data.europa.eu/esco/skill/b9bb1f03-15e2-4079-943e-7e483b21725b
http://data.europa.eu/esco/occupation/00747307-6341-4266-a061-25416f7c6a96,essential,skill/competence,http://data.europa.eu/esco/skill/cbd72961-64fa-4714-84ad-382318341059
http://data.europa.eu/esco/occupation/00747307-6341-4266-a061-25416f7c6a96,essential,skill/competence,http://data.europa.eu/esco/skill/cedd0710-62ae-4ff4-89ae-ac52375f86ec
http://data.europa.eu/esco/occupation/00747307-6341-4266-a061-25416f7c6a96,essential,skill/competence,http://data.europa.eu/esco/skill/db190c7a-173a-41e3-b4f5-45837cf38a8e
http://data.europa.eu/esco/occupation/00747307-6341-4266-a061-25416f7c6a96,essential,skill/competence,http://data.europa.eu/esco/skill/e3ef4981-2cba-4b34-b273-728c3a33d04f
http://data.europa.eu/esco/occupation/00747307-6341-4266-a061-25416f7c6a96,essential,skill/competence,http://data.europa.eu/esco/skill/e50e10e0-33df-4045-9cc1-8f09e09ec81a
http://data.europa.eu/esco/occupation/00747307-6341-4266-a061-25416f7c6a96,essential,skill/competence,http://data.europa.eu/esco/skill/f0699875-51da-48d2-bc92-54b0749baef1
http://data.europa.eu/esco/occupation/00747307-6341-4266-a061-25416f7c6a96,optional,knowledge,http://data.europa.eu/esco/skill/731101d9-94bc-4805-bff4-9578d1bf03b5
http://data.europa.eu/esco/occupation/00747307-6341-4266-a061-25416f7c6a96,optional,knowledge,http://data.europa.eu/esco/skill/9ec4252d-cbe8-4134-88fa-549dee1883f3
http://data.europa.eu/esco/occupation/00747307-6341-4266-a061-25416f7c6a96,optional,knowledge,http://data.europa.eu/esco/skill/ed3f3dba-3a35-4ed5-b113-67f4d10ef4c8
http://data.europa.eu/esco/occupation/00747307-6341-4266-a061-25416f7c6a96,optional,knowledge,http://data.europa.eu/esco/skill/f150e743-1313-48e5-9948-4179a3c7ad95
http://data.europa.eu/esco/occupation/00747307-6341-4266-a061-25416f7c6a96,optional,skill/competence,http://data.europa.eu/esco/skill/03ca6934-62ac-42e8-aca0-9e7c10bb1684
http://data.europa.eu/esco/occupation/00747307-6341-4266-a061-25416f7c6a96,optional,skill/competence,http://data.europa.eu/esco/skill/09f159aa-2745-4ab0-a050-96722a2269b9
http://data.europa.eu/esco/occupation/00747307-6341-4266-a061-25416f7c6a96,optional,skill/competence,http://data.europa.eu/esco/skill/22cbb90f-0bf1-4c30-98c0-7c9749b4e08d
http://data.europa.eu/esco/occupation/00747307-6341-4266-a061-25416f7c6a96,optional,skill/competence,http://data.europa.eu/esco/skill/253b7df4-621a-41d7-b363-ccb2e4d6b178
http://data.europa.eu/esco/occupation/00747307-6341-4266-a061-25416f7c6a96,optional,skill/competence,http://data.europa.eu/esco/skill/39beb3af-9314-4b17-aa57-449cc70d3d9c
http://data.europa.eu/esco/occupation/00747307-6341-4266-a061-25416f7c6a96,optional,skill/competence,http://data.europa.eu/esco/skill/4327690a-e639-4b58-98b5-d078d6b90b07
http://data.europa.eu/esco/occupation/00747307-6341-4266-a061-25416f7c6a96,optional,skill/competence,http://data.europa.eu/esco/skill/4579d794-f8ae-4c07-86c4-340829ff4863
http://data.europa.eu/esco/occupation/00747307-6341-4266-a061-25416f7c6a96,optional,skill/competence,http://data.europa.eu/esco/skill/4c9d0645-a561-4702-8d3f-f3719aff1a72
http://data.europa.eu/esco/occupation/00747307-6341-4266-a061-25416f7c6a96,optional,skill/competence,http://data.europa.eu/esco/skill/62af17c1-cc70-44ce-a563-bf406443bf57
http://data.europa.eu/esco/occupation/00747307-6341-4266-a061-25416f7c6a96,optional,skill/competence,http://data.europa.eu/esco/skill/64ebb116-acb3-44f9-ac6d-9a464e57fb64
http://data.europa.eu/esco/occupation/00747307-6341-4266-a061-25416f7c6a96,optional,skill/competence,http://data.europa.eu/esco/skill/65209d28-1ba7-4b39-9d89-cadf9493c3be
http://data.europa.eu/esco/occupation/00747307-6341-4266-a061-25416f7c6a96,optional,skill/competence,http://data.europa.eu/esco/skill/7530bc44-f09d-4dd2-8911-92b98333e442
http://data.europa.eu/esco/occupation/00747307-6341-4266-a061-25416f7c6a96,optional,skill/competence,http://data.europa.eu/esco/skill/7ee872de-db39-4ae3-8e19-75d1a2cdf697
http://data.europa.eu/esco/occupation/00747307-6341-4266-a061-25416f7c6a96,optional,skill/competence,http://data.europa.eu/esco/skill/860e85ee-5992-445a-b3d3-9bab524f7600
http://data.europa.eu/esco/occupation/00747307-6341-4266-a061-25416f7c6a96,optional,skill/competence,http://data.europa.eu/esco/skill/8f8a8803-dc72-4488-9991-7c7d373e01fa
http://data.europa.eu/esco/occupation/00747307-6341-4266-a061-25416f7c6a96,optional,skill/competence,http://data.europa.eu/esco/skill/94c42df0-5d8f-42c7-842f-21be2d0e0588
http://data.europa.eu/esco/occupation/00747307-6341-4266-a061-25416f7c6a96,optional,skill/competence,http://data.europa.eu/esco/skill/9566c2fa-86d5-4746-8563-40cf64526539
http://data.europa.eu/esco/occupation/00747307-6341-4266-a061-25416f7c6a96,optional,skill/competence,http://data.europa.eu/esco/skill/a5a9b4b1-087a-4588-ae8c-8212013b7bd5
http://data.europa.eu/esco/occupation/00747307-6341-4266-a061-25416f7c6a96,optional,skill/competence,http://data.europa.eu/esco/skill/a8fe6eae-cfc1-4580-ad12-f325e8c2b21b
http://data.europa.eu/esco/occupation/00747307-6341-4266-a061-25416f7c6a96,optional,skill/competence,http://data.europa.eu/esco/skill/b4832996-b36c-40b2-b54e-780325b2546e
http://data.europa.eu/esco/occupation/00747307-6341-4266-a061-25416f7c6a96,optional,skill/competence,http://data.europa.eu/esco/skill/b78f324d-e16c-43f8-97d2-50d3a7cd1fb3
http://data.europa.eu/esco/occupation/00747307-6341-4266-a061-25416f7c6a96,optional,skill/competence,http://data.europa.eu/esco/skill/bf5d77ad-e18c-48d8-83f0-bc79c011c74a
http://data.europa.eu/esco/occupation/00747307-6341-4266-a061-25416f7c6a96,optional,skill/competence,http://data.europa.eu/esco/skill/cbc00aa3-a700-4adf-8a1f-c30a22979490
http://data.europa.eu/esco/occupation/00747307-6341-4266-a061-25416f7c6a96,optional,skill/competence,http://data.europa.eu/esco/skill/d39a5880-7d0a-4573-9f70-a75ff875bf83